------- FILE therm.asm LEVEL 1 PASS 2
      1  10000 ????						; Boy Scout Explorer 1984 project
      2  10000 ????						; sponsored by Hewlett-Packard, Avondale, PA.
      3  10000 ????
      4  10000 ????						; Copied from paper listing dated Thu, Jun 14, 1984
      5  10000 ????						; Code updates for 'dasm' assembler:
      6  10000 ????						; - original used ' in names; this copy uses _; for example RCV'DATA vs. RCV_DATA.
      7  10000 ????						; - original used STAD, LDAD mnemonics; this uses STD, LDD
      8  10000 ????						;
      9  10000 ????						; The following features are mentioned in code but do not appear
     10  10000 ????						; to be implemented yet:
     11  10000 ????						; - serial communication
     12  10000 ????						; - alarms (nothing on schematic using these pins)
     13  10000 ????						;
     14  10000 ????						; March 1, 2026 updates:
     15  10000 ????						; - fix daylight saving time to be 2nd week of March, 1st week of
     16  10000 ????						; - reset year to 2026 and Alternate Display set to F+T
     17  10000 ????
     18  10000 ????				       processor	6803
     19  10000 ????						;;; PAGE 1 HARDWARE DEFINITIONS
     20  10000 ????
     21  10000 ????						;;; INTERNAL HARDWARE DEFINTIONS
     22  10000 ????		00 01	    ACC0       EQU	$01
     23  10000 ????		00 02	    ACC1       EQU	$02
     24  10000 ????		00 04	    ACC2       EQU	$04
     25  10000 ????		00 08	    ACC3       EQU	$08
     26  10000 ????		00 10	    ACC4       EQU	$10
     27  10000 ????		00 20	    ACC5       EQU	$20
     28  10000 ????		00 40	    ACC6       EQU	$40
     29  10000 ????		00 80	    ACC7       EQU	$80
     30  10000 ????
     31  10000 ????		00 08	    TIMER_CONTROL EQU	$08	; timer interrupt control bits, flags, etc.
     32  10000 ????		00 09	    TIMER_COUNTER EQU	$09	; And $0a - timer/counter register
     33  10000 ????		00 0b	    TIMER_OCR_REG EQU	$0B	; And $0c - timer output compare register
     34  10000 ????		00 0d	    TIMER_ICR_REG EQU	$0D	; And $oe - timer input capture register
     35  10000 ????		00 08	    TIMER_EOCI EQU	ACC3
     36  10000 ????		00 40	    TIMER_OCF  EQU	ACC6
     37  10000 ????		00 01	    TIMER_OLVL EQU	ACC0	; output compare level bit
     38  10000 ????
     39  10000 ????		00 10	    SER_MODE_REG EQU	$10	; mode control register for serial i/o
     40  10000 ????		00 11	    SER_STAT_REG EQU	$11	; status register for serial i/o
     41  10000 ????		00 12	    RCV_DATA   EQU	$12	; data register for serial i/o
     42  10000 ????		00 13	    XMIT_DATA  EQU	$13	; data register for serial transmitter
     43  10000 ????		00 08	    RCV_ENABLE EQU	ACC3	; enable bit for receiver
     44  10000 ????		00 02	    XMIT_ENABLE EQU	ACC1	; enable bit for transmitter
     45  10000 ????		00 10	    RCV_INT_EN EQU	ACC4	; enable bit for receiver interrupt
     46  10000 ????		00 04	    XMIT_INT_EN EQU	ACC2	; enable bit for transmitter interrupt
     47  10000 ????		00 80	    RCV_FLAG   EQU	ACC7	; flag to indicate a byte has been received
     48  10000 ????		00 20	    XMIT_FLAG  EQU	ACC5	; flag to indicate that the transmitter is ready to
     49  10000 ????						;  send another byte
     50  10000 ????		00 40	    OVERUN_FRAME EQU	ACC6	; flag to indicate that either an overrun error
     51  10000 ????						;  or a framing error has occured
     52  10000 ????
     53  10000 ????						;;;  EXTERNAL HARDWARE DEFINTIONS
     54  10000 ????		00 02	    PORT1      EQU	$02	; PARALLEL PORT 1 (ALL INPUTS)
     55  10000 ????		00 20	    DST_JUMPER EQU	ACC5	; jumper to specify daylight saving time
     56  10000 ????		00 40	    JUMPER_24  EQU	ACC6	; jumper to specify 24 hour time display
     57  10000 ????		10 00	    MUX        EQU	$1000	; analog multiplexer select bits
     58  10000 ????		60 00	    DIGIT_DRIVE EQU	$6000	; digit select bits for display
     59  10000 ????		70 00	    SEGMENT_DRIVE EQU	$7000	; segment enable bits for display
     60  10000 ????
     61  10000 ????						;;  PAGE 2 DISPLAY HARDWARE DEFINTIONS
     62  10000 ????		00 04	    SEGA       EQU	ACC2	; SEGMENT A (TOP)
     63  10000 ????		00 20	    SEGB       EQU	ACC5	; SEGMENT B (UPPER RIGHT)
     64  10000 ????		00 08	    SEGC       EQU	ACC3	; SEGMENT C (LOWER RIGHT)
     65  10000 ????		00 80	    SEGD       EQU	ACC7	; SEGMENT D (BOTTOM)
     66  10000 ????		00 40	    SEGE       EQU	ACC6	; SEGMENT E (LOWER LEFT)
     67  10000 ????		00 10	    SEGF       EQU	ACC4	; SEGMENT F (UPPER LEFT)
     68  10000 ????		00 02	    SEGG       EQU	ACC1	; SEGMENT G (CENTER)
     69  10000 ????		00 01	    DP	       EQU	ACC0	; DECIMAL POINT
     70  10000 ????		80 00	    COLON      EQU	ACC7*$100
     71  10000 ????		40 00	    SET        EQU	ACC6*$100
     72  10000 ????		20 00	    CURR       EQU	ACC5*$100
     73  10000 ????		10 00	    TODAY      EQU	ACC4*$100
     74  10000 ????		08 00	    YEST       EQU	ACC3*$100
     75  10000 ????		04 00	    HIGH       EQU	ACC2*$100
     76  10000 ????		02 00	    LOW        EQU	ACC1*$100
     77  10000 ????		01 00	    MEAN       EQU	ACC0*$100
     78  10000 ????		00 80	    DEGC       EQU	ACC7
     79  10000 ????		00 40	    DEGF       EQU	ACC6
     80  10000 ????		00 20	    AM	       EQU	ACC5
     81  10000 ????		00 10	    PM	       EQU	ACC4
     82  10000 ????		00 08	    DATE       EQU	ACC3
     83  10000 ????		00 04	    ZONE1      EQU	ACC2
     84  10000 ????		00 02	    ZONE2      EQU	ACC1
     85  10000 ????		00 01	    ZONE3      EQU	ACC0
     86  10000 ????
     87  10000 ????		00 7e	    A	       EQU	SEGA+SEGB+SEGC+SEGE+SEGF+SEGG	; LETTER A
     88  10000 ????		00 da	    B	       EQU	SEGC+SEGD+SEGE+SEGF+SEGG	; LETTER b
     89  10000 ????		00 d4	    C	       EQU	SEGA+SEGD+SEGE+SEGF	; LETTER C
     90  10000 ????		00 ea	    D	       EQU	SEGB+SEGC+SEGD+SEGE+SEGG	; LETTER d
     91  10000 ????		00 d6	    E	       EQU	SEGA+SEGD+SEGE+SEGF+SEGG	; LETTER E
     92  10000 ????		00 56	    F	       EQU	SEGA+SEGE+SEGF+SEGG	; LETTER F
     93  10000 ????		00 7a	    H	       EQU	SEGB+SEGC+SEGE+SEGF+SEGG	; LETTER H
     94  10000 ????		00 28	    I	       EQU	SEGB+SEGC	; LETTER I
     95  10000 ????		00 d0	    L	       EQU	SEGD+SEGE+SEGF	; LETTER L
     96  10000 ????		00 fc	    O	       EQU	SEGA+SEGB+SEGC+SEGD+SEGE+SEGF	; LETTER O
     97  10000 ????		00 76	    P	       EQU	SEGA+SEGB+SEGE+SEGF+SEGG	; LETTER P
     98  10000 ????		00 9e	    S	       EQU	SEGA+SEGC+SEGD+SEGF+SEGG	; LETTER S
     99  10000 ????		00 f8	    U	       EQU	SEGB+SEGC+SEGD+SEGE+SEGF	; LETTER U
    100  10000 ????		00 fc	    ZERO       EQU	O	; DIGIT 0
    101  10000 ????		00 28	    ONE        EQU	I	; DIGIT 1
    102  10000 ????		00 e6	    TWO        EQU	SEGA+SEGB+SEGD+SEGE+SEGG	; DIGIT 2
    103  10000 ????		00 ae	    THREE      EQU	SEGA+SEGB+SEGC+SEGD+SEGG	; DIGIT 3
    104  10000 ????		00 3a	    FOUR       EQU	SEGB+SEGC+SEGF+SEGG	; DIGIT 4
    105  10000 ????		00 9e	    FIVE       EQU	S	; DIGIT 5
    106  10000 ????		00 de	    SIX        EQU	SEGA+SEGC+SEGD+SEGE+SEGF+SEGG	; DIGIT 6
    107  10000 ????		00 2c	    SEVEN      EQU	SEGA+SEGB+SEGC	; DIGIT 7
    108  10000 ????		00 fe	    EIGHT      EQU	SEGA+SEGB+SEGC+SEGD+SEGE+SEGF+SEGG	; DIGIT 8
    109  10000 ????		00 be	    NINE       EQU	SEGA+SEGB+SEGC+SEGD+SEGF+SEGG	; DIGIT 9
    110  10000 ????
    111  10000 ????						;;; PAGE 3 RAM ASSIGNMENTS
    112 U00e3 ????				      SEG.U		; RAM 128 BYTES
    113 U0080					      ORG	$80
    114 U0080
    115 U0080		       00	   RAM_PTR    DS	1
    116 U0081		       00	   LINE_PHASE DS	1
    117 U0082		       00 00	   TIME_CORRECT DS	2
    118 U0084		       00	   DIGIT      DS	1
    119 U0085		       00 00 00 00*MSD	      DS	6
    120 U008b		       00	   ADC_STATE  DS	1
    121 U008c		       00	   A_D_SELECT DS	1
    122 U008d		       00 00 00 00*CONV_BUF   DS	5*3
    123 U009c		       00 00	   START_TIME DS	2
    124 U009c		       00 8f	   TIME_RESIDUAL EQU	CONV_BUF+2
    125 U009e		       00	   MEAN_COUNT DS	1
    126 U009f		       00 00 00    TODAY_MIN1 DS	3
    127 U00a2		       00 00 00    TODAY_MIN2 DS	3
    128 U00a5		       00 00 00    TODAY_MIN3 DS	3
    129 U00a8		       00 00 00    TODAY_MAX1 DS	3
    130 U00ab		       00 00 00    TODAY_MAX2 DS	3
    131 U00ae		       00 00 00    TODAY_MAX3 DS	3
    132 U00b1		       00 00 00    LAST_MIN1  DS	3
    133 U00b4		       00 00 00    LAST_MIN2  DS	3
    134 U00b7		       00 00 00    LAST_MIN3  DS	3
    135 U00ba		       00 00 00    LAST_MAX1  DS	3
    136 U00bd		       00 00 00    LAST_MAX2  DS	3
    137 U00c0		       00 00 00    LAST_MAX3  DS	3
    138 U00c3		       00 00 00    LAST_MEAN1 DS	3
    139 U00c6		       00 00 00    LAST_MEAN2 DS	3
    140 U00c9		       00 00 00    LAST_MEAN3 DS	3
    141 U00cc		       00 00 00    TODAY_MEAN1 DS	3
    142 U00cf		       00 00 00    TODAY_MEAN2 DS	3
    143 U00d2		       00 00 00    TODAY_MEAN3 DS	3
    144 U00d2		       00 92	   TWENTIETHS EQU	CONV_BUF+5
    145 U00d2		       00 95	   TENTHS     EQU	CONV_BUF+8
    146 U00d2		       00 98	   TIME_OF_DAY EQU	CONV_BUF+11
    147 U00d2		       00 c5	   DAY	      EQU	LAST_MEAN1+2
    148 U00d2		       00 c8	   MONTH      EQU	LAST_MEAN2+2
    149 U00d2		       00 9b	   YEAR       EQU	CONV_BUF+14
    150 U00d5		       00 00	   DISP_SELECT DS	2
    151 U00d5		       00 d6	   ZONE_SELECT EQU	DISP_SELECT+1
    152 U00d5		       00 cb	   ALT_SELECT EQU	LAST_MEAN3+2
    153 U00d7		       00	   LAST_KBD   DS	1
    154 U00d8		       00	   ALARM      DS	1
    155 U00d9		       00 00 00 00 TEMP       DS	4
    156 U00dd		       00 00 00 00*TEMP_BUF   DS	6
    157 U00e3
    158  10000 ????				       SEG	CODE,0
    159  f800					      ORG	$F800
    160  f800
    161  f800							;;;  PAGE 4 CLOCK TIMER INTERRUPT SERVICING
    162  f800
    163  f800							; All of the software in this program can be divided into two
    164  f800							; categories - that which is executed as the result of an interrupt
    165  f800							; and that which is not. The software which is not executed under
    166  f800							; interrupt includes initialization after reset, keyboard servicing,
    167  f800							; display servicing and serial communications.  These are all basically
    168  f800							; asynchronous operations in that they are not periodic functions
    169  f800							; that are performed at fixed time intervals, although they are
    170  f800							; indirectly tied into a repetition rate of 20 times each second in
    171  f800							; order to provide sipmle debouncing of the keyboard.
    172  f800							; All other functions of this program are periodic and are performed
    173  f800							; by the timer interrupt service routine. This routine can request
    174  f800							; that a timer interrupt occur, causin the routine to be executed
    175  f800							; at whatever interval it likes, and the interval which it selects is
    176  f800							; 2.778 milliseconds. This value is essentially 1/360 second, and the
    177  f800							; reason that this inverval was chosen was to allow the display
    178  f800							; refreshing to be performed 360 times each second. In addition, it
    179  f800							; will be seen that there are other functions which are performed at
    180  f800							; less frequent intervals by this routine sipmly by executing the
    181  f800							; appropriate code every n'th time an interrupt occurs, where n is
    182  f800							; 6, 18, 2160, etc. This gives execution frequencies of 60 hz, 20 hz,
    183  f800							; 1/6 hz, once each 10 minutes, once each day, once each
    184  f800							; month and once each year.  For clarity, the software has been
    185  f800							; divided up to show which parts are executed at which intervals.
    186  f800							;
    187  f800							; One of the main functions of this routine is to operate the
    188  f800							; analog to digital converter, or A/A. each conversions consists of
    189  f800							; two simple operations. First, one of the analog input signals is
    190  f800							; used to charge up a capacitor for a fixed time period. This means
    191  f800							; that the amount of charge in the capacitor is now directly
    192  f800							; proportional to the signal voltage. Next, the capacitor is
    193  f800							; discharged at a fixed rate using a reference signal of the
    194  f800							; opposite polarity until the capacitor voltage is back to zero.
    195  f800							; The time taken to discharge the capacitor is measured and is a
    196  f800							; direct measure of the input signal.	The hardware then holds the
    197  f800							; capacitor in a discharged state until the start of the next
    198  f800							; measurement cycle.  This process is repeated every 1/20 second,
    199  f800							; with the integration of the input signal taking the first 1/60
    200  f800							; second and the discharge and wait for the next measurement taking
    201  f800							; the remaining 2/60 second.
    202  f800
    203  f800							;;;  PAGE 5 CLOCK TIMER INTERRUPT SERVICING
    204  f800
    205  f800							;;;  Begin the timer interrupt service routine
    206  f800
    207  f800		       f8 00	   TIMER_INT  EQU	*	; Arrive at this point an average of once every
    208  f800							;  1/360 second as a result of a timer interrupt
    209  f800							; The task which is most sensitive to timing, and is therefore
    210  f800							; performed first, is that of maintaining synchronization with the
    211  f800							; AC line. Once every 1/360 second the line voltage is tested to see
    212  f800							; whether it is above or below zero volts. At any time it is
    213  f800							; possible to check this information for the previous 8 interrupts,
    214  f800							; which covers a period of slightly more than one full line cycle.
    215  f800							; This infomation will be used by another part of this routine,
    216  f800							; which executes once every 1/20 second.
    217  f800
    218  f800		       d6 02		      LDAB	PORT1	; The line voltage information is read in through the
    219  f802							;  most significant bit of port 1.
    220  f802		       96 81		      LDAA	LINE_PHASE	; The value of this bit for the last eight interrupts
    221  f804							;  is contained in the variable LINE_PHASE.
    222  f804		       05		      LSLD		; This instruction throws away the oldest bit line_phase,
    223  f805							;   shifts the other seven left one place and enters the newest
    224  f805							;   bit in the least significant bit of the value
    225  f805		       97 81		      STAA	LINE_PHASE	; Save this for later interrupts and other uses
    226  f807
    227  f807							; Every time there is a timer interrupt the hardware must be told
    228  f807							; when the next interrupt is to occur. This information is written
    229  f807							; into a 16 bit hardware register called the output compare register
    230  f807							; (OCR). Since this register already contains the time at which the
    231  f807							; present interrupt was triggered, all that is necessary is to take
    232  f807							; this value and add the equivalent of 1/360 second to it, then
    233  f807							; put it back.
    234  f807		       96 08		      LDAA	TIMER_CONTROL	; Read the flag so that it will be cleared
    235  f809		       dc 0b		      LDD	TIMER_OCR_REG	; Load the 16 bit time at which this interrupt
    236  f80b		       c3 0a da 	      ADDD	#2778	;  occurred - the value 2778 is the number of instruction
    237  f80e							;  cycles, at 1,000,000 cycles each second, in 1/360 second
    238  f80e		       dd 0b		      STD	TIMER_OCR_REG	; The value 2778 is not exactly the correct value
    239  f810							;  but a further correction will be made later to compensate
    240  f810
    241  f810							; The serial port servicing, once it is written, will require a
    242  f810							; short routine to read the serial port receiver register and
    243  f810							; transfer any received character to the input buffer
    244  f810
    245  f810
    246  f810							;;; PAGE 6 CLOCK TIMER INTERRUPT SERVICING
    247  f810
    248  f810							; The only other task which occurs every 1/360 second is the
    249  f810							; refreshing of the display, at each interrupt the digit which is
    250  f810							; currently being displayed is turned off and the required segments
    251  f810							; of the next digit are turned on.
    252  f810
    253  f810		       7f 70 00 	      CLR	SEGMENT_DRIVE	; Turn off all segments before enabling the next
    254  f813							;  digit in order to avoid 'ghost' segments
    255  f813		       96 84		      LDAA	DIGIT	; The variable 'digit' has just one bit set corresponding
    256  f815							;  to the digit which is to be enabled next
    257  f815		       16		      TAB		; Make a second copy of it
    258  f816		       da d8		      ORAB	ALARM	; Add in the bits which control the two alarm outputs
    259  f818		       f7 60 00 	      STAB	DIGIT_DRIVE	; Write these bits out to the hardware
    260  f81b		       ce 00 84 	      LDX	#MSD-1	; It is now necessary to find out which segments to turn
    261  f81e							;  on for this digit - this information is contained in
    262  f81e							;  a six byte array in memory
    263  f81e		       08	   SELECT_RFSH INX		; Point to the segments of the first digit
    264  f81f		       48		      LSLA		; If that is the one to be displayed then its bit will shift out
    265  f820							;  of register A, leaving a zero
    266  f820		       26 fc		      BNE	SELECT_RFSH	; If the value in A is not yet zero then it is not
    267  f822							;  the first digit, so go back, point to the second digit
    268  f822							;  and see if it is the one to be displayed, etc.
    269  f822		       a6 00		      LDAA	0,X	; Eventually the bit which was set in register A will be
    270  f824							;  shifted out and the index register will contain the address
    271  f824							;  of the segments for this digit, so load the segment bits
    272  f824							;  themselves into register A
    273  f824		       b7 70 00 	      STAA	SEGMENT_DRIVE	; Write them out to the hardware, turning on
    274  f827							;  those segments
    275  f827		       78 00 84 	      LSL	DIGIT	; Shift the digit bit left one place so that when the next
    276  f82a							;  interrupt occurs the next digit will be displayed
    277  f82a		       27 05		      BEQ	SIXTY_HZ	; Eventually the bit will be shifted out to leave a
    278  f82c							;  value of zero - each time this occurs we go on to
    279  f82c							;  execute the 60 Hz and slower operations - the other
    280  f82c							;  five times out of six we just make sure that an
    281  f82c							;  output bit will get set to zero
    282  f82c		       86 08		      LDAA	#TIMER_EOCI	; Clear the bit that controls the level of the
    283  f82e		       97 08		      STAA	TIMER_CONTROL	;  output compare pin - this guarantees that it
    284  f830							;  will normally be low
    285  f830		       3b		      RTI		; This completes the functions which are performed 360 times
    286  f831							;  each second
    287  f831
    288  f831							;; PAGE 7 CLOCK TIMER INTERRUPT SERVICING
    289  f831
    290  f831							; Operations which are performed 60 times each second
    291  f831
    292  f831		       86 04	   SIXTY_HZ   LDAA	#ACC2	; Each time the digit bit shifts all the way out, must
    293  f833		       97 84		      STAA	DIGIT	;  reinitialize it to select last digit
    294  f835
    295  f835							; The only other 60 Hz operation is the selection of which 20 Hz
    296  f835							; operation is to be performed at this time
    297  f835		       96 8b		      LDAA	ADC_STATE	; The ADC state counter can have values 0, 1, 2
    298  f837							;  or 3, but this routine should only see values of 1, 2, or 3 at this
    299  f837							;  point
    300  f837		       4a		      DECA		; Decrement the state value to 0, 1, or 2 and save it
    301  f838		       97 8b		      STAA	ADC_STATE	; The value of 0 is used as an indicator to the
    302  f83a							;  background task that another 1/20 second has elapsed - the
    303  f83a							;  background task will then set the state value back up to 3
    304  f83a							; Now branch to one of three routines which are each executed
    305  f83a							; at 20 hz
    306  f83a		       27 31		      BEQ	STATE_0	; If the state counter is zero, execute the state zero
    307  f83c							;  routine
    308  f83c		       4a		      DECA		; Otherwise see if it is one
    309  f83d		       27 07		      BEQ	STATE_1	; Go to state one if it is
    310  f83f		       4a		      DECA		; Finally, see if we are in state 2
    311  f840		       27 33		      BEQ	STATE_2
    312  f842		       7f 00 8b 	      CLR	ADC_STATE	; If it is noe of these then there is a very serious
    313  f845		       3b		      RTI		;  problem, but see if we can recover from it by just setting
    314  f846							;  the state to a known value and returning to background
    315  f846
    316  f846							;; PAGE 8 CLOCK TIMER INTERRUPT SERVICING
    317  f846
    318  f846							; A/D servicing
    319  f846							;
    320  f846							; The three A/D service routines perform the following functions:
    321  f846							; in state one, the integration of one of the anlog signals is
    322  f846							; initiated by writing its selection code into the first latch of
    323  f846							; the A/D circuit. The output level bit is then set high so that
    324  f846							; there will be a positive transition on the next timer interrupt,
    325  f846							; which will transfer the select bits to the second latch. Before
    326  f846							; any of this is done, however, this routine finishes the previous
    327  f846							; conversion by reading in the input capture value and performing
    328  f846							; filtering on it.
    329  f846							; In state zero, the integration is terminated and discharging
    330  f846							; begins.
    331  f846							; In state two, nothing is done which involves the A/D, but in
    332  f846							; this state any periodic function which occurs less frequently
    333  f846							; than 20 Hz takes place, such as updating the clock and calendar
    334  f846							; as well as minimum, maximum and mean temperature calculations.
    335  f846							; Phase adjustment to the AC line also takes place in this routine.
    336  f846
    337  f846							; A/D converion, state 1
    338  f846		       d6 8c	   STATE_1    LDAB	A_D_SELECT	; See which signal was just measured
    339  f848		       ce 00 8a 	      LDX	#CONV_BUF-3	; Point to the buffer of filtered conversion values
    340  f84b		       3a		      ABX		; The filtered values are each three bytes apart so add the
    341  f84c		       58		      LSLB		;  channel number times three to point to the appriopriate entry
    342  f84d		       3a		      ABX		; This is the address of the filtered value for this channel
    343  f84e		       dc 0d		      LDD	TIMER_ICR_REG	; Get the time at which the conversion ended
    344  f850		       93 9c		      SUBD	START_TIME	; Subtract the time at which the discharge started
    345  f852							; This is the discharge time and is a direct measure
    346  f852							;  of the signal voltage
    347  f852		       a3 00		      SUBD	0,X	; Find the difference between this and the old filtered
    348  f854							;  value - the object here is to add back a small fraction
    349  f854							;  of this difference to the old filtered value in order
    350  f854							;  to arrive at a new filtered value - in this case we will
    351  f854							;  take 1/4 of the difference and add it back
    352  f854		       47		      ASRA		; Do an arithmetic shift right since the difference is signed
    353  f855		       56		      RORB		; Shift the second byte
    354  f856		       47		      ASRA		; Shift a second time
    355  f857		       56		      RORB
    356  f858		       e3 00		      ADDD	0,X	; Add the upper two bytes of the values
    357  f85a		       ed 00		      STD	0,X	; Save these two bytes
    358  f85c							; The net result of the above is as follows: at each conversion the
    359  f85c							; old filtered value has added to it 1/4 of the differences between
    360  f85c							; the new conversion value and the old filtered value. This causes
    361  f85c							; the filter response to be expoential with a time constant of
    362  f85c							; 4 times the interval between conversions. Since one conversion
    363  f85c							; is performed every 1/20 second and there are five channels, each
    364  f85c							; channel is measured once every 0.25 seconds. This makes the time
    365  f85c							; constant of the filter equal to 0.25 * 4 = 1 second.
    366  f85c		       96 8c		      LDAA	A_D_SELECT	; Now that the conversion is complete,
    367  f85e		       4a		      DECA		;  see which input to measure next
    368  f85f		       26 02		      BNE	STORE_A_D_S	; As long as the channel number is between 1 and 5, use it
    369  f861		       86 05		      LDAA	#5	; When it decrements to zero, restart it at 5
    370  f863		       97 8c	   STORE_A_D_S STAA	A_D_SELECT	; Save the new counter value
    371  f865		       b7 10 00    SET_MUX    STAA	MUX	; Set the multiplexer to select this channel on the
    372  f868							;  next output compare interrupt
    373  f868		       86 09		      LDAA	#TIMER_EOCI+TIMER_OLVL	; Must also set the output level control
    374  f86a		       97 08		      STAA	TIMER_CONTROL	;  bit to cause a positive transition at that
    375  f86c							;  interrupt
    376  f86c		       3b		      RTI		; This completes state 1 processing
    377  f86d
    378  f86d							;; PAGE 10 CLOCK TIMER INTERRUPT SERVICING
    379  f86d
    380  f86d							; A/D conversion state 0
    381  f86d		       f8 6d	   STATE_0    EQU	*
    382  f86d		       dc 0b		      LDD	TIMER_OCR_REG	; Note the time at which the discharge will begin
    383  f86f		       dd 9c		      STD	START_TIME	; Save it to use in the calculations for this conversion
    384  f871		       86 0f		      LDAA	#7+ACC3	; To start the discharge, select channel 7 of the
    385  f873							;  multiplexer and also set the bit which enables the compartor
    386  f873		       20 f0		      BRA	SET_MUX	; Use the section of code above to write this value out
    387  f875							;  to the multiplexer channel select latch and also to prepare
    388  f875							;  the output compare pin for a positive transition on the next
    389  f875							;  interrupt
    390  f875							; A/D conversion state 2
    391  f875		       f8 75	   STATE_2    EQU	*	; This routine is not required to perform any A/D
    392  f875							;  related functions, but it does perform every periodic
    393  f875							;  function whose period is longer than 1/20 second as well as
    394  f875							;  maintaining synchronization with the line
    395  f875
    396  f875							;; Line synchronization function
    397  f875
    398  f875							; There are two basic purposes to this section: first, it maintains
    399  f875							; correct synchronization with the ac line at all times. To do
    400  f875							; this, it checks once during each conversion to see whether then
    401  f875							; internal timing has shifted by more than plus or minus 60 degrees
    402  f875							; with respect to the ac line. If it has then the internal timing
    403  f875							; is shifted slightly, making that measurement cycle slightly longer
    404  f875							; or slightly shorter than nominal to try to bring the timing back
    405  f875							; within the plus or minus 60 degree phase window. If there has been
    406  f875							; a large phase shift then it might take several shortened or
    407  f875							; lengthened cycles to get back to within the window.	As soon as they
    408  f875							; are back in phase, normal length cycles are resumed. The second
    409  f875							; function is more subtle. It is also activated by phase shifts of
    410  f875							; more than 60 degrees, but in this case the effect is to make very
    411  f875							; small but permanent changes in the normal lengt of a cycle.	This
    412  f875							; type of change would not be necessary if the ac line signal were
    413  f875							; always going to be present to maintian synchronization, but since
    414  f875							; the instrument can have a battery backup, and since better accuracy
    415  f875							; than just the nominal crystal frequency accuracy is desirable, the
    416  f875							; software is, in effect, gradually forming a correction to the
    417  f875							; crystal frequency, based on line frequency, which will then be
    418  f875							; used while the ac power is off.
    419  f875
    420  f875		       96 83		      LDAA	TIME_CORRECT+1	; Since the period of a conversion is 50,000
    421  f877							;  instruction cycles, if the correction were an integer value in
    422  f877							;  cycles, the best correction that could be made is plus or minus
    423  f877							;  1/50,000 which is nearly two seconds per day of error - to get
    424  f877							;  around this, a one byte fractional correction is maintained.
    425  f877		       9b 8f		      ADDA	TIME_RESIDUAL	; To use this correction, it is added each time to
    426  f879							;  a one byte residual value, and each time there is a carry
    427  f879							;  from this byte, one more full instruction cycle is added
    428  f879							;  to this time
    429  f879		       97 8f		      STAA	TIME_RESIDUAL	; Save the new residual
    430  f87b		       dc 0b		      LDD	TIMER_OCR_REG	; Take the previously calculated time of the next
    431  f87d							;  interrupt
    432  f87d							;; PAGE 11
    433  f87d		       d9 82		      ADCB	TIME_CORRECT	; Add in the upper byte of the correction value
    434  f87f		       89 00		      ADCA	#0	; Handle any carry to the top byte of the interrupt time
    435  f881		       7d 00 82 	      TST	TIME_CORRECT	; See whether the correction was intended to be
    436  f884							;  positive or negative
    437  f884		       2a 01		      BPL	IS_POS	; If it is negative then
    438  f886		       4a		      DECA		; subtract one count from the top byte
    439  f887		       dd 0b	   IS_POS     STD	TIMER_OCR_REG	; Put back the corrected time of the next interrupt
    440  f889		       de 82		      LDX	TIME_CORRECT	; Get the correction value in case it whill need to
    441  f88b							;  be adjusted
    442  f88b		       96 81		      LDAA	LINE_PHASE	; See what the AC line has been doing for the last
    443  f88d							;  eight interrupts
    444  f88d		       81 1c		      CMPA	#%00011100	; Test for internal time fast by 60 degrees or more
    445  f88f		       26 04		      BNE	IS_NOT_FAST	; If it is then
    446  f891		       7a 00 0b 	      DEC	TIMER_OCR_REG	;  shorten this conversion
    447  f894		       09		      DEX		;  and slightly shorten all subsequenty conversions
    448  f895		       81 e3	   IS_NOT_FAST CMPA	#%11100011	; Else test for internal time slow
    449  f897		       26 04		      BNE	IS_NOT_SLOW	; If it is then
    450  f899		       7c 00 0b 	      INC	TIMER_OCR_REG	;  lengthen this conversion
    451  f89c		       08		      INX		;  and slightly length all subsequent conversions
    452  f89d		       df 82	   IS_NOT_SLOW STX	TIME_CORRECT	; Put back the (possibly) modified correction
    453  f89f
    454  f89f							;; PAGE 12
    455  f89f
    456  f89f							; The final operation to be performed at 20 Hz is decrementing a
    457  f89f							; counter which is used to time 6 second intervals, because the
    458  f89f							; next groups of functions is performed ten times each minute
    459  f89f		       7a 00 92 	      DEC	TWENTIETHS	; This variable counts twentieths of a second
    460  f8a2		       26 59		      BNE	IRET	; If six seconds have not elapsed yet then just return
    461  f8a4		       86 78		      LDAA	#120	; Else restart the counter at six seconds
    462  f8a6		       97 92		      STAA	TWENTIETHS
    463  f8a8		       96 95		      LDAA	TENTHS	; The next counter is used to count tenths of a minute.
    464  f8aa		       8b 01		      ADDA	#1	;  In BCD, up to 99 tenths
    465  f8ac		       19		      DAA		; Since this is a BCD counter, adjust it to a decimal value each
    466  f8ad		       97 95		      STAA	TENTHS	;  time it is incremented
    467  f8af		       27 4d		      BEQ	TEN_MINUTES	; If ten minutes has elapsed then perform those
    468  f8b1							;  functions which are done every ten minutes.
    469  f8b1
    470  f8b1							;; PAGE 13
    471  f8b1
    472  f8b1							; The next function is performed 99 times every ten minutes.  It is
    473  f8b1							; not done the hundredth time because there is a lot more to be
    474  f8b1							; done that time and it would make the processor loading much higher
    475  f8b1							; to do both. the function of this section of code is to update the
    476  f8b1							; minimum and maximum values of each of the three zone temperatures.
    477  f8b1							; The mean values are updated at ten minute intervals.
    478  f8b1		       96 98		      LDAA	TIME_OF_DAY	; Load the current time into register A in case we
    479  f8b3							;  need to note the time at which a new min or max was reached
    480  f8b3		       de 8d		      LDX	CONV_BUF	; Load the current temperature of zone 1
    481  f8b5		       9c a8		      CPX	TODAY_MAX1	; see if it is a new daily maximum
    482  f8b7		       24 04		      BHS	IS_HIGHER1	; Since the conversion value varies inversely with the
    483  f8b9							;  temperature, the sense of the test looks backward
    484  f8b9		       df a8		      STX	TODAY_MAX1	; If the current temp ois higher than the previous
    485  f8bb							;  daily maximum then replace the old maximum with the current
    486  f8bb		       97 aa		      STAA	TODAY_MAX1+2	; The third byte of this value is the time of day
    487  f8bd							;  at which the maximum occured, in tens of minutes.
    488  f8bd		       9c 9f	   IS_HIGHER1 CPX	TODAY_MIN1	; If no new maximum then see if new minimum
    489  f8bf		       23 04		      BLS	IS_LOWER1	; Again, skip the next 2 instructions if no new min
    490  f8c1		       df 9f		      STX	TODAY_MIN1
    491  f8c3		       97 a1		      STAA	TODAY_MIN1+2
    492  f8c5		       de 90	   IS_LOWER1  LDX	CONV_BUF+3	; Do the same for zone 2
    493  f8c7		       9c ab		      CPX	TODAY_MAX2
    494  f8c9		       24 04		      BHS	IS_HIGHER2
    495  f8cb		       df ab		      STX	TODAY_MAX2
    496  f8cd		       97 ad		      STAA	TODAY_MAX2+2
    497  f8cf		       9c a2	   IS_HIGHER2 CPX	TODAY_MIN2
    498  f8d1		       23 04		      BLS	IS_LOWER2
    499  f8d3		       df a2		      STX	TODAY_MIN2
    500  f8d5		       97 a4		      STAA	TODAY_MIN2+2
    501  f8d7		       de 93	   IS_LOWER2  LDX	CONV_BUF+6	; And for zone 3
    502  f8d9		       9c ae		      CPX	TODAY_MAX3
    503  f8db		       24 04		      BHS	IS_HIGHER3
    504  f8dd		       df ae		      STX	TODAY_MAX3
    505  f8df		       97 b0		      STAA	TODAY_MAX3+2
    506  f8e1		       9c a5	   IS_HIGHER3 CPX	TODAY_MIN3
    507  f8e3		       23 04		      BLS	IS_LOWER3
    508  f8e5		       df a5		      STX	TODAY_MIN3
    509  f8e7		       97 a7		      STAA	TODAY_MIN3+2
    510  f8e9		       7f 00 d8    IS_LOWER3  CLR	ALARM	; Calculate the new alarm bits, first clearing out the old
    511  f8ec		       dc 99		      LDD	CONV_BUF+12	; See if zone 3 is higher than the high reference
    512  f8ee		       93 93		      SUBD	CONV_BUF+6
    513  f8f0		       79 00 d8 	      ROL	ALARM	; If it is then set the low temp alarm bit (high to turn on)
    514  f8f3		       dc 93		      LDD	CONV_BUF+6	; See if zone 3 is lower than the average of the high
    515  f8f5		       05		      LSLD		;  and low references
    516  f8f6		       93 96		      SUBD	CONV_BUF+9
    517  f8f8		       93 99		      SUBD	CONV_BUF+12
    518  f8fa		       79 00 d8 	      ROL	ALARM	; If it is then set the high temp alarm (high to turn on)
    519  f8fd		       3b	   IRET       RTI		; This completes the operations performed ten times each
    520  f8fe							;  minute
    521  f8fe							;; PAGE 14
    522  f8fe							;; Functions performed every ten minutes
    523  f8fe
    524  f8fe							; Every ten minutes the calculated value of today's mean temperature
    525  f8fe							; for each of the three zones is updated. After that, a check is made
    526  f8fe							; for two special times of the day, midnight and 2AM.
    527  f8fe
    528  f8fe		       f8 fe	   TEN_MINUTES EQU	*
    529  f8fe		       dc cd		      LDD	TODAY_MEAN1+1	; Get the second and third bytes of the running
    530  f900							;  sum of zone 1 at ten minute intervals so far today
    531  f900		       d3 8d		      ADDD	CONV_BUF	; Add in the latest value for this zone
    532  f902		       dd cd		      STD	TODAY_MEAN1+1	; Return the updated second and third bytes
    533  f904		       24 03		      BCC	NO_CARRY1	; If there was a carry generated by this addition then
    534  f906		       7c 00 cc 	      INC	TODAY_MEAN1	;  increment the first byte
    535  f909
    536  f909		       dc d0	   NO_CARRY1  LDD	TODAY_MEAN2+1	; Repeat the process for zone 2
    537  f90b		       d3 90		      ADDD	CONV_BUF+3
    538  f90d		       dd d0		      STD	TODAY_MEAN2+1
    539  f90f		       24 03		      BCC	NO_CARRY2
    540  f911		       7c 00 cf 	      INC	TODAY_MEAN2
    541  f914
    542  f914		       dc d3	   NO_CARRY2  LDD	TODAY_MEAN3+1	; And for zone 3
    543  f916		       d3 93		      ADDD	CONV_BUF+6
    544  f918		       dd d3		      STD	TODAY_MEAN3+1
    545  f91a		       24 03		      BCC	NO_CARRY3
    546  f91c		       7c 00 d2 	      INC	TODAY_MEAN3
    547  f91f
    548  f91f		       7c 00 9e    NO_CARRY3  INC	MEAN_COUNT	; Increment the counter to show that one more value has
    549  f922							;  been summed in
    550  f922		       96 98		      LDAA	TIME_OF_DAY	; Now increment the time-of-day counter by ten minutes
    551  f924		       4c		      INCA
    552  f925		       81 90		      CMPA	#6*24	; See if it is midnight
    553  f927		       24 67		      BHS	MIDNIGHT	; If it is then take care of any daily chores
    554  f929		       97 98		      STAA	TIME_OF_DAY	; Otherwise save the incremented time
    555  f92b		       81 0c		      CMPA	#6*2	; Now see if it is 2AM
    556  f92d		       26 ce		      BNE	IRET	; If not then we are done for now
    557  f92f		       96 02		      LDAA	PORT1	; If it is 2AM then there is a possibility that we need to
    558  f931		       85 20		      BITA	#DST_JUMPER	;  adjust for daylight saving time
    559  f933		       26 c8		      BNE	IRET	; If the jumper has been removed then daylight saving time is
    560  f935							;  disabled.
    561  f935		       96 c8		      LDAA	MONTH	; Next see if it is March or November
    562  f937		       81 0b		      CMPA	#11	; November is month number 11
    563  f939		       27 1c		      BEQ	NOVEMBER	; If it is November then check for return to standard time
    564  f93b		       81 03		      CMPA	#3	; Otherwise see if it is March
    565  f93d		       26 be		      BNE	IRET	; If it is not March either there is nothing more to do
    566  f93f		       96 c5		      LDAA	DAY	; Now see what day of the month it is
    567  f941		       44		      LSRA		; Shift out the daylight savings flag
    568  f942		       80 08		      SUBA	#8	; See if second week in March
    569  f944		       2d b7		      BLT	IRET	; If below then skip it
    570  f946		       81 08		      CMPA	#8	; See if above second seek
    571  f948		       2c b3		      BGE	IRET	; If so then skip it
    572  f94a							; Note - March 8 1984 was a Thursday
    573  f94a		       8b 04		      ADDA	#4	; Add 4 to get the day of week this would have been in 1984
    574  f94c		       8d 24		      BSR	DAY_OF_WEEK	; Now find out what day of the week it is this year
    575  f94e		       26 ad		      BNE	IRET	; If it is not Sunday (for which zero is returned), skip it
    576  f950		       96 98		      LDAA	TIME_OF_DAY	; Only if this is the second Sunday in March do we
    577  f952		       8b 06		      ADDA	#6	;  add one hour to the time
    578  f954		       97 98		      STAA	TIME_OF_DAY
    579  f956		       3b		      RTI
    580  f957
    581  f957							;; PAGE 15
    582  f957
    583  f957		       96 c5	   NOVEMBER   LDAA	DAY	; If this is November then see what the date is
    584  f959		       44		      LSRA		; Shift out the daylight saving flag
    585  f95a		       25 a1		      BCS	IRET	; If this bit is set then we have already adjusted then time
    586  f95c							;  back to standard time
    587  f95c		       80 01		      SUBA	#1	; Otherwise see if this is the first week in November
    588  f95e		       81 07		      CMPA	#7	;
    589  f960		       22 9b		      BHI	IRET	; If not then skip it
    590  f962							; Note - November 1 1984 was a Thursday
    591  f962		       8b 04		      ADDA	#4	; Add 4 to get the day of week this would have been in 1984
    592  f964		       8d 0c		      BSR	DAY_OF_WEEK	; Now fine out which day of the week it is this year
    593  f966		       26 95		      BNE	IRET	; If it is not Sunday (for which zero is returned), skip it
    594  f968		       96 98		      LDAA	TIME_OF_DAY	; Only if this is the first Sunday in November do we
    595  f96a		       80 06		      SUBA	#6	;  subtract one hour from the time
    596  f96c		       97 98		      STAA	TIME_OF_DAY
    597  f96e		       7c 00 c5 	      INC	DAY	; Set the daylight saving time bit to prevent changing the
    598  f971							;  time again in another hour
    599  f971		       3b		      RTI
    600  f972
    601  f972		       f9 72	   DAY_OF_WEEK EQU	*	; Subroutine to correct the day of the week according
    602  f972							;  to the year
    603  f972							; Pass a value from 0 to 6 in A, returns a value from 0 to 6 in A
    604  f972		       d6 9b		      LDAB	YEAR	; Get the value of the year, relative to 1984
    605  f974		       c4 03		      ANDB	#ACC0+ACC1	; Get the value mod 4
    606  f976		       1b		      ABA		; Add one day for each non leap year past the last leap year
    607  f977		       d6 9b		      LDAB	YEAR	; Get the year again
    608  f979		       54		      LSRB		; look at just the other six bits in the year
    609  f97a		       54		      LSRB
    610  f97b		       c1 1d	   HUNDRED_YEAR CMPB	#(2100-1984)/4	; See if the year is greater than or
    611  f97d							;  or equal to 2100
    612  f97d		       25 06		      BLO	LEAP_YEARS	; If not then finish correcting leap years
    613  f97f		       8b 05		      ADDA	#5	; In a normal period of 100 years there are 76 non leap years
    614  f981							;  and 24 leap years, for a total shift of 124 days
    615  f981							;  124 mod 7 is 5
    616  f981		       c0 19		      SUBB	#100/4	; This correction is not made for the 100 year period
    617  f983							;  which includes the year 2000, since it is a leap year
    618  f983		       20 f6		      BRA	HUNDRED_YEAR	; Repeat the above in case the year is 2200 or later
    619  f985
    620  f985		       36	   LEAP_YEARS PSHA		; Save the day count on the stack
    621  f986		       86 05		      LDAA	#5	; multiply the number of leap years by 5
    622  f988		       3d		      MUL
    623  f989		       32		      PULA		; Get back the day couint
    624  f98a		       1b		      ABA		; Combine them
    625  f98b		       80 07	   DEDUCT_7   SUBA	#7	; Subtract one week from the day count
    626  f98d		       22 fc		      BHI	DEDUCT_7	; Do this over and over until the count goes negative
    627  f98f							;  or to zero (it will only go to zero for a Sunday)
    628  f98f		       39		      RTS		; Return with the day-of-week value from -6 to 0 and its
    629  f990							;  Status in the flags
    630  f990
    631  f990							;; PAGE 16
    632  f990
    633  f990							;; Functions performed at midnight every day
    634  f990
    635  f990							; The following operations all have to do with updating the day,
    636  f990							; month and year counters.  The day counter has a range of one to
    637  f990							; 28, 29, 30 or 31, depending on the month, but is stored as twice
    638  f990							; this value so that the least significant bit can be used as a flag
    639  f990							; to indicate that a change from daylight saving time to standard
    640  f990							; time has been made that day. The month has a value from 1 to 12
    641  f990							; (January to December) and the year has a value between 0 (1984)
    642  f990							; and 255 (2239).  All corrections for leap years are made properly
    643  f990							; over this entire time span.
    644  f990
    645  f990		       f9 90	   MIDNIGHT   EQU	*
    646  f990		       8d 43		      BSR	DAYS_IN_MONTH	; Before incrementing the day we must see how many
    647  f992							;  days there are in this month.
    648  f992							; This value will be returned in register B
    649  f992		       96 c5		      LDAA	DAY	; Now see what day of the month this is
    650  f994		       44		      LSRA		; Shift out the daylight saving flag
    651  f995		       11		      CBA		; See if we just ended the last day of a month
    652  f996		       25 14		      BLO	INC_DAY	; If not then just increment the day normally
    653  f998		       96 c8		      LDAA	MONTH	; If the month has just ended then increment the month
    654  f99a		       81 0c		      CMPA	#12	; When the month ends there is also the possibility that
    655  f99c		       25 0a		      BLO	INC_MONTH	;  the year has just ended
    656  f99e		       7c 00 9b 	      INC	YEAR	; Execute this instruction once each year at midnight on
    657  f9a1							;  December 31
    658  f9a1
    659  f9a1							;		     BEQ     *
    660  f9a1							; Wouldn't it be fun to actually put the above instruction into the
    661  f9a1							; program? I can just see it now......
    662  f9a1							; It is new years eve in the year 2239, and precisely at midnight,
    663  f9a1							; all around the world, everyone's HP clock thermometer suddenly
    664  f9a1							; goes dead! Since every copy of this listing has long since been
    665  f9a1							; lost, it will remain a mystery forever how this couild have happened.
    666  f9a1							;
    667  f9a1							; But seriously, what do we do when the last counter finally runs out?
    668  f9a1							; Do we simply set it become 1984 all over again? This would allow the
    669  f9a1							; corrections for leap year to be done properly for another 60 years
    670  f9a1							; until the year 2300. But what about the corrections for daylight
    671  f9a1							; saving time? The best soluition is to find a year between 1984 and
    672  f9a1							; 2239 which is the same as 2240 with respect to leap years and
    673  f9a1							; days of the week. As it happens, there are many years which meet
    674  f9a1							; these requirements, the earliest being 1992. Of course, the year
    675  f9a1							; will read incorrectly and it will still fail in the year 2300, but
    676  f9a1							; then you can't have everything.
    677  f9a1		       26 04		      BNE	NOT_ROLLOVER	; In any year except 2240, skip the next two instructions
    678  f9a3		       86 08		      LDAA	#1992-1984	; Reset the year to 1992
    679  f9a5		       97 9b		      STAA	YEAR
    680  f9a7		       4f	   NOT_ROLLOVER CLRA		; Reset the month to January
    681  f9a8		       4c	   INC_MONTH  INCA		; Increment the month value
    682  f9a9		       97 c8		      STAA	MONTH	; Save the incremented value
    683  f9ab		       4f		      CLRA		; Start the day counter over at day 1
    684  f9ac		       4c	   INC_DAY    INCA		; Increment the day value
    685  f9ad		       48		      LSLA		; Save it doubled form to leave room for the DST flag
    686  f9ae		       97 c5		      STAA	DAY	; Save the incremented value
    687  f9b0
    688  f9b0							;; PAGE 17  CLOCK TIMER INTERRUPT SERVICING
    689  f9b0
    690  f9b0							; The last function to be performed by the clock interrupt is
    691  f9b0							; the daily calculation of the average temperatures for that day and
    692  f9b0							; the saving of those values as the previous day's averages, followed
    693  f9b0							; by the re-initialization of today's averages and the updating of
    694  f9b0							; all of the minimum and maximum values
    695  f9b0
    696  f9b0		       ce 00 cc 	      LDX	#TODAY_MEAN1	; Point to the sum of the values for zone 1
    697  f9b3		       8d 48		      BSR	AVERAGE	; Convert this to an average value
    698  f9b5		       dd c3		      STD	LAST_MEAN1	; Save this as yesterday's average
    699  f9b7		       ce 00 cf 	      LDX	#TODAY_MEAN2	; Do the same for the other two zones
    700  f9ba		       8d 41		      BSR	AVERAGE
    701  f9bc		       dd c6		      STD	LAST_MEAN2
    702  f9be		       ce 00 d2 	      LDX	#TODAY_MEAN3
    703  f9c1		       8d 3a		      BSR	AVERAGE
    704  f9c3		       dd c9		      STD	LAST_MEAN3
    705  f9c5		       ce 00 12 	      LDX	#LAST_MIN1-TODAY_MIN1	; Now set yesterday's min and max values
    706  f9c8							;  to today's - use X as a byte counter and also a pointer
    707  f9c8		       a6 9e	   SET_LAST   LDAA	TODAY_MIN1-1,X	; Get one byte of today's data
    708  f9ca		       a7 b0		      STAA	LAST_MIN1-1,X	; Copy it into the corresponding byte of
    709  f9cc		       09		      DEX		;  yesterday's data and decrement the pointer/counter
    710  f9cd		       26 f9		      BNE	SET_LAST	; Repeat until all bytes have been copied
    711  f9cf		       7f 00 98 	      CLR	TIME_OF_DAY	; Reset the current time of day to midnight
    712  f9d2		       8d 4f		      BSR	INIT_MINMAX	; Initialize the minimu, maximum and average values
    713  f9d4		       3b	   IRQ_EXIT   RTI
    714  f9d5
    715  f9d5							;; PAGE 18 CLOCK TIMER INTERRUPT SERVICING
    716  f9d5
    717  f9d5							; Subroutine to find out how many days there are in a month
    718  f9d5		       f9 d5	   DAYS_IN_MONTH EQU	*
    719  f9d5		       d6 c8		      LDAB	MONTH	; See which month this is
    720  f9d7		       ce f9 f0 	      LDX	#MONTH_TABLE-1	; Point to a lookup table of days in a month
    721  f9da		       3a		      ABX		; Index into the lookup table
    722  f9db		       e6 00		      LDAB	0,X	; Load the value from the table
    723  f9dd		       c1 1c		      CMPB	#28	; See if this is February
    724  f9df		       26 0f		      BNE	RETURN_DAYS	; If it is not then this is the correct number of days
    725  f9e1		       96 9b		      LDAA	YEAR	; If it is then we must also see if this is a leap year
    726  f9e3		       85 03		      BITA	#ACC0+ACC1	; By looking at just the last two bits in the year we
    727  f9e5		       26 09		      BNE	RETURN_DAYS	;  know whether or not it is divisible by four
    728  f9e7		       81 74		      CMPA	#2100-1984	; If it is then we must also test for two such years
    729  f9e9		       27 05		      BEQ	RETURN_DAYS	;  which will not be leap years - 2100 and 2200
    730  f9eb		       81 d8		      CMPA	#2200-1984	; Oddly enough, the year 2000 is a leap year
    731  f9ed		       27 01		      BEQ	RETURN_DAYS	; After eliminating all non leap years over this time
    732  f9ef		       5c		      INCB		;  span, this leaves only leap years, for which February
    733  f9f0							;  has 29 days
    734  f9f0		       39	   RETURN_DAYS RTS		; Return with the number of days in the current month
    735  f9f1							;  in register B
    736  f9f1
    737  f9f1		       f9 f1	   MONTH_TABLE EQU	*	; Lookup table of days in the month
    738  f9f1		       1f		      DC	31	; January
    739  f9f2		       1c		      DC	28	; February (may be 29)
    740  f9f3		       1f		      DC	31	; March
    741  f9f4		       1e		      DC	30	; April
    742  f9f5		       1f		      DC	31	; May
    743  f9f6		       1e		      DC	30	; June
    744  f9f7		       1f		      DC	31	; July
    745  f9f8		       1f		      DC	31	; August
    746  f9f9		       1e		      DC	30	; September
    747  f9fa		       1f		      DC	31	; October
    748  f9fb		       1e		      DC	30	; November
    749  f9fc		       1f		      DC	31	; December
    750  f9fd
    751  f9fd							;; PAGE 19 - CLOCK TIMER INTERRUPT SERVICING
    752  f9fd
    753  f9fd							; Subroutine to calculate the average value from the sum of the
    754  f9fd							; values and the number of values summed.
    755  f9fd		       f9 fd	   AVERAGE    EQU	*
    756  f9fd		       86 11		      LDAA	#17	; Go through the divide loop 17 times but only save 16 bits
    757  f9ff							;  of quotient
    758  f9ff		       36		      PSHA		; Push the counter byte onto the stack
    759  fa00		       a6 02		      LDAA	2,X	; X points to the sum, so 2,x is the third byte of the sum
    760  fa02		       36		      PSHA		; Use another stack location for this byte
    761  fa03		       ec 00		      LDD	0,X	; Now load the first two bytes of the sum
    762  fa05		       30		      TSX		; Make X now point to the two bytes which were placed on the stack
    763  fa06		       0c		      CLC		; Clear the carry to prevent A 1 from getting shifted in below
    764  fa07		       69 00	   AVG_DIVIDE ROL	0,X	; Shift the quotient and remainder left one bit
    765  fa09		       59		      ROLB		; The lowest of these three bytes is on the stack, then other
    766  fa0a		       49		      ROLA		;  two in B and A
    767  fa0b		       25 04		      BCS	SUBTRACT	; If a non-zero bit of the remainder shifts out the top
    768  fa0d							;  then force a subtraction
    769  fa0d		       91 9e		      CMPA	MEAN_COUNT	; Otherwise decide whether or not to subtract based
    770  fa0f		       25 03		      BLO	NO_SUBTRACT	;  on whther the remainder is greater or less than
    771  fa11							;  the number being divided by, the number of summed values
    772  fa11		       90 9e	   SUBTRACT   SUBA	MEAN_COUNT	; Every time the remainder is large enough,
    773  fa13		       0c		      CLC		;  subtract the divisor and shift in a zero for the quotient
    774  fa13		       fa 14	   NO_SUBTRACT EQU	*	; Every time it is too small, shift in a one
    775  fa14		       6a 01		      DEC	1,X	; See if 17 passes have been made through the above loop
    776  fa16		       26 ef		      BNE	AVG_DIVIDE	; Repeat until done
    777  fa18							; After 17 passes, the 16 bit quotient is in B and the top byte of
    778  fa18							; the stack, in complemented form, and the seventeenth bit of the
    779  fa18							; quotient, also complemented, is in the carry flag
    780  fa18		       17		      TBA		; Move the first byte of quotient to register A
    781  fa19		       33		      PULB		; Move the second byte to B
    782  fa1a		       31		      INS		; Discard the counter from the stack
    783  fa1b		       25 03		      BCS	NO_CARRY	; Use the next bit of the quotient for rounding
    784  fa1d		       83 00 01 	      SUBD	#1	; At this point all bits are still complemented so the
    785  fa20							;  'branch if carry clear' and 'increment double' instructions
    786  fa20							;  are instead 'branch if carry set' and 'decrement double'
    787  fa20		       43	   NO_CARRY   COMA		; Finally convert the rounded qoutient from complemented to
    788  fa21		       53		      COMB		;  true form and return
    789  fa22		       39		      RTS
    790  fa23
    791  fa23							;; PAGE 20 CLOCK TIMER INTERRUPT SERVICING
    792  fa23
    793  fa23							; Subroutine to initialize today's minimum, maximum, and mean values
    794  fa23
    795  fa23		       fa 23	   INIT_MINMAX EQU	*
    796  fa23		       dc 8d		      LDD	CONV_BUF	; Take the current values of the zones
    797  fa25		       dd cd		      STD	TODAY_MEAN1+1	; Initialize the sum, the minimum, and the maximum
    798  fa27		       dd 9f		      STD	TODAY_MIN1	;  to this value
    799  fa29		       dd a8		      STD	TODAY_MAX1
    800  fa2b		       dc 90		      LDD	CONV_BUF+3
    801  fa2d		       dd d0		      STD	TODAY_MEAN2+1
    802  fa2f		       dd a2		      STD	TODAY_MIN2
    803  fa31		       dd ab		      STD	TODAY_MAX2
    804  fa33		       dc 93		      LDD	CONV_BUF+6
    805  fa35		       dd d3		      STD	TODAY_MEAN3+1
    806  fa37		       dd a5		      STD	TODAY_MIN3
    807  fa39		       dd ae		      STD	TODAY_MAX3
    808  fa3b		       96 98		      LDAA	TIME_OF_DAY	; Initialize the time of the min and max of each zone
    809  fa3d							;  to the current time
    810  fa3d		       97 a1		      STAA	TODAY_MIN1+2
    811  fa3f		       97 aa		      STAA	TODAY_MAX1+2
    812  fa41		       97 a4		      STAA	TODAY_MIN2+2
    813  fa43		       97 ad		      STAA	TODAY_MAX2+2
    814  fa45		       97 a7		      STAA	TODAY_MIN3+2
    815  fa47		       97 b0		      STAA	TODAY_MAX3+2
    816  fa49		       4f		      CLRA		; Initialize the highest byte of each sum to zero
    817  fa4a		       97 cc		      STAA	TODAY_MEAN1
    818  fa4c		       97 cf		      STAA	TODAY_MEAN2
    819  fa4e		       97 d2		      STAA	TODAY_MEAN3
    820  fa50		       4c		      INCA		; Set the number of values that have been summed so far this
    821  fa51		       97 9e		      STAA	MEAN_COUNT	;  to one
    822  fa53		       39		      RTS
    823  fa54
    824  fa54							;; PAGE 21 DISPLAY MODE ROUTINES
    825  fa54
    826  fa54							; Main Program
    827  fa54							; The main program consists basically of four mode routines. The
    828  fa54							; primary mode routine is the display routine. The one in which each
    829  fa54							; of the pieces of information is individually displayed and selected
    830  fa54							; by processing the three buttons.  Next there is the alternate display
    831  fa54							; routine in which several pices of information are displayed
    832  fa54							; alternately over a period of several seconds. Then there is the
    833  fa54							; set mode in which setpoints are entered for several parameters,
    834  fa54							; such as the time and date.  Finally, there is a diagnostic mode in
    835  fa54							; which information aobut the functioning of the hardware itself
    836  fa54							; can be displayed. To go from the display routine to any of the
    837  fa54							; others requires that two keys be pressed simultaneously.
    838  fa54
    839  fa54							; DISPLAY ROUTINE
    840  fa54
    841  fa54		       fa 54	   DISPLAY_MODE EQU	*	; This is the main mode of operation of this
    842  fa54							;  instrument. It is used to display any of 68 different pieces of
    843  fa54							;  information one at a time.	The information is selected by pressing
    844  fa54							;  the tree front panel switches one at a time to specify three
    845  fa54							;  identifiers of the information to be displayed. First there is
    846  fa54							;  switch 1, which specifies whether the information is a centegrade
    847  fa54							;  temperature, fahrenheit temperature, a time of date or a date.
    848  fa54							;  Next, switch 2 specifies whether the information refers to
    849  fa54							;  temperature zones 1, 2 or 3. Finally, switch 3 specifies whether
    850  fa54							;  the information is the current value, the maximum or minimum
    851  fa54							;  value so far today, the mean value so far today, or yesterday's
    852  fa54							;  maximum, minimum or mean.
    853  fa54		       dc d5		      LDD	DISP_SELECT	; Get the 2 byte value which specifies the
    854  fa56							;  information to be displayed
    855  fa56		       bd fc 18 	      JSR	BACKGROUND	; Format and display the information
    856  fa59							; This major routine does much more than just format display data
    857  fa59							;  and read the keyboard, which is the last thing it does
    858  fa59							;  before returning
    859  fa59		       44		      LSRA		; The keyboard is returned in the low 3 bits of A
    860  fa5a		       25 21		      BCS	INC_SW1	; If bit 0 was set then switch 1 was just pressed
    861  fa5c		       44		      LSRA		; If switch 1 was not just pressed then see if switch 2 was
    862  fa5d		       25 12		      BCS	INC_SW2	; If bit 1 was set then switch 2 was just pressed
    863  fa5f		       27 f3		      BEQ	DISPLAY_MODE	; If switches 1 and 2 were not pressed and bit 2
    864  fa61							;  is also zero then none of the switches was pressed, so
    865  fa61							;  just continue to display the same information
    866  fa61							; If bit 2 is set then increment the switch 3 selection bits
    867  fa61
    868  fa61							; PAGE 22 DISPLAY MODE ROUTINES
    869  fa61
    870  fa61							; Increment the switch 3 selection bitts
    871  fa61		       96 d5		      LDAA	DISP_SELECT	; This byte contains the selection bits for both
    872  fa63							;  switch 1 and switch 3
    873  fa63		       8b 04		      ADDA	#ACC2	; Leave the two low bits alone and increment the next 3 bits
    874  fa65		       81 1c		      CMPA	#7*ACC2	; See if these bits have reached a value of 7
    875  fa67		       25 02		      BLO	NOT7	; If they have then
    876  fa69		       84 03		      ANDA	#ACC0+ACC1	;  start them over again at zero
    877  fa6b		       84 fd	   NOT7       ANDA	#$FF-ACC1	; If the mode is time or date then set it to C or F
    878  fa6d		       97 d5		      STAA	DISP_SELECT	; Return the selection bits
    879  fa6f		       20 e3		      BRA	DISPLAY_MODE	; Repeat the loop with the new select bits
    880  fa71
    881  fa71							; Increment the switch 2 selection bits
    882  fa71		       fa 71	   INC_SW2    EQU	*	; Increment the zone selection bits
    883  fa71		       d6 d6		      LDAB	ZONE_SELECT	; Get the current value of these bits
    884  fa73		       5c		      INCB		; Increment to the next value
    885  fa74		       c1 02		      CMPB	#2	; See if we have incremented past the last zone
    886  fa76		       23 01		      BLS	IS_LESS	; If we have then
    887  fa78		       5f		      CLRB		;  start over at zone 1
    888  fa79		       d7 d6	   IS_LESS    STAB	ZONE_SELECT	; Save the new value
    889  fa7b		       20 d7		      BRA	DISPLAY_MODE	; Repeat the loop with the new select bits
    890  fa7d
    891  fa7d							; Increment the switch 1 selection bits
    892  fa7d		       fa 7d	   INC_SW1    EQU	*	; Increment the data type selection bits
    893  fa7d		       d6 d5		      LDAB	DISP_SELECT	; Get the current value of these bits
    894  fa7f		       5c	   SKIP_MODE  INCB		; Increment to the next value
    895  fa80		       c5 03		      BITB	#ACC0+ACC1	; See if they have been incremented to zero
    896  fa82		       27 16		      BEQ	TO_C	; If they have then go cancel out the carry into the upper bits
    897  fa84		       c5 02		      BITB	#ACC1	; If not zero then are they 01 (Fahrenheit)
    898  fa86		       27 14		      BEQ	TO_F	; If so then just save the new value
    899  fa88		       c5 fc		      BITB	#$FF-ACC0-ACC1	; See if we are reading current value
    900  fa8a		       27 10		      BEQ	TO_F	; If we are then this is legal for both date and time
    901  fa8c		       c5 01		      BITB	#ACC0	; If not current then see if we are set to date
    902  fa8e		       26 ef		      BNE	SKIP_MODE	; If so then the combination is illegal, go to the next
    903  fa90		       c1 0e		      CMPB	#3*ACC2+2	; For time the only illegal combinations are today's
    904  fa92		       27 eb		      BEQ	SKIP_MODE	;  mean and yesterday's mean
    905  fa94		       c1 1a		      CMPB	#6*ACC2+2
    906  fa96		       27 e7		      BEQ	SKIP_MODE
    907  fa98		       20 02		      BRA	TO_F	; Otherwise save this value as is
    908  fa9a
    909  fa9a		       c0 04	   TO_C       SUBB	#4	; Cancel the carry from the low bits
    910  fa9c		       d7 d5	   TO_F       STAB	DISP_SELECT	; Save the new value of the bits
    911  fa9e		       20 b4		      BRA	DISPLAY_MODE	; Repeat the loop with the new select bits
    912  faa0
    913  faa0							;; PAGE 23 DISPLAY MODE ROUTINES
    914  faa0
    915  faa0							; Alternate display routine
    916  faa0		       fa a0	   ALT_MODE   EQU	*	; This is a display mode in which two or more pieces
    917  faa0							;  of information can be displayed in sequence at intervals of a few
    918  faa0							;  seconds. The mode is initially entered by pressing both S1 and S2
    919  faa0							;  simultaneously. While in this mode the action of the three switches
    920  faa0							;  is modified. S1 is now used to step more quickly through the
    921  faa0							;  display sequence, or to hold the display on a particular value by
    922  faa0							;  holding the switch in.  S2 is used to select a different zone to
    923  faa0							;  be displayed while on either degrees C or degrees F. S3 is used
    924  faa0							;  to exit from this mode and return to normal display mode.
    925  faa0		       dc d5		      LDD	DISP_SELECT	; Display the currently selected item
    926  faa2		       bd fc 18 	      JSR	BACKGROUND	;  and read the keyboard
    927  faa5		       44		      LSRA		; See if switch 1 was just pressed
    928  faa6		       25 14		      BCS	ADVANCE_ALT	; If it was then advance to the next display item
    929  faa8		       44		      LSRA		; See if switch 2 was just pressed
    930  faa9		       25 2c		      BCS	ALT_ZONE	; If it was then advance to the next zone
    931  faab		       44		      LSRA		; See if switch 3 was just pressed
    932  faac		       25 a6		      BCS	DISPLAY_MODE	; If it was then exit from this mode
    933  faae		       c5 01		      BITB	#ACC0	; If nothing just pressed then is switch 1 being held in
    934  fab0		       26 ee		      BNE	ALT_MODE	; If it is then hold the display on this item
    935  fab2		       96 92	   ADVANCE_YET LDAA	TWENTIETHS	; See if it is time to advance the item
    936  fab4		       81 31		      CMPA	#49
    937  fab6		       27 04		      BEQ	ADVANCE_ALT
    938  fab8		       81 6d		      CMPA	#109
    939  faba		       26 e4		      BNE	ALT_MODE
    940  faba		       fa bc	   ADVANCE_ALT EQU	*	; Three seconds have elapsed
    941  fabc		       96 d5		      LDAA	DISP_SELECT	; Get the corrent select bits
    942  fabe		       4c		      INCA		; Advance to the next item
    943  fabf		       84 03	   VALIDATE_ALT ANDA	#3	; Allow current values only
    944  fac1		       97 d5		      STAA	DISP_SELECT	; Put back the new select bits
    945  fac3		       d6 cb		      LDAB	ALT_SELECT	; See which items are selected for alternate display
    946  fac5		       58		      LSLB		; only the low 4 bits are used, one for each item
    947  fac6		       58		      LSLB
    948  fac7		       58		      LSLB
    949  fac8		       58		      LSLB
    950  fac9		       27 18		      BEQ	BAD_ALT	; If none of these bits is set then set some, so that we
    951  facb							;  cannot accidentally get hung up here forever
    952  facb		       58	   TEST_ALT   LSLB		; Shift the first select bit into the carry
    953  facc		       4a		      DECA		; See if this is the right bit to test
    954  facd		       2a fc		      BPL	TEST_ALT	; No, not yet - look at the next bit
    955  facf		       24 eb		      BCC	ADVANCE_ALT	; If this item is not enabled then try the next one
    956  fad1		       20 cd		      BRA	ALT_MODE	; Otherwise go ahead and display this item
    957  fad3
    958  fad3		       96 d5	   ENTER_ALT  LDAA	DISP_SELECT	; Enter this mode here to immediately start
    959  fad5		       20 e8		      BRA	VALIDATE_ALT	;  displaying a valid mode
    960  fad7
    961  fad7							;; PAGE 24 DISPLAY MODE ROUTINES
    962  fad7
    963  fad7							; Select the next zone while in alternate display mode
    964  fad7		       96 d6	   ALT_ZONE   LDAA	ZONE_SELECT	; Select the next mode
    965  fad9		       4c		      INCA
    966  fada		       81 03		      CMPA	#3	; See if we have passed zone 3
    967  fadc		       25 01		      BLO	NOT_THREE
    968  fade		       4f		      CLRA		; If so then drop back to zone 1
    969  fadf		       97 d6	   NOT_THREE  STAA	ZONE_SELECT
    970  fae1		       20 cf		      BRA	ADVANCE_YET	; Now execute the remainder of the above routine
    971  fae3
    972  fae3		       7a 00 cb    BAD_ALT    DEC	ALT_SELECT	; If noe of the select bits were set then
    973  fae6							;  set them all
    974  fae6		       20 b8		      BRA	ALT_MODE	; Go ahead and display the current one
    975  fae8
    976  fae8							;; PAGE 25 DISPLAY MODE ROUTINES
    977  fae8
    978  fae8							; Set time and date routine
    979  fae8		       fa e8	   SET_MODE   EQU	*	; This is a display mode in which the time and date
    980  fae8							;  settings can be adjusted.  The mode is initially entered by pressing
    981  fae8							;  both s1 and s3 simultaneiously. Whiel in this mode S1 selects the
    982  fae8							;  next setting to be adjusted, S2 increments its value and S3
    983  fae8							;  decrements it.  After the last setting has been displayed and
    984  fae8							;  possibly adjusted, pressing s1 one more time returns to normal
    985  fae8							;  display mode.
    986  fae8		       cc 07 0b 	      LDD	#$070B	; Special select value to display the year and suppress
    987  faeb							;  other indicator lights
    988  faeb		       bd fc 18 	      JSR	BACKGROUND	; Display the current year setpoint and read the keyboard
    989  faee		       44		      LSRA		; See if switch 1 was pressed
    990  faef		       25 10		      BCS	SET_MONTH	; If it was then leave the year and on to the month
    991  faf1		       44		      LSRA		; See if switch 2 was pressed
    992  faf2		       25 08		      BCS	INC_YEAR	; If it was then increment the year
    993  faf4		       44		      LSRA		; See if switch 3 was pressed
    994  faf5		       24 f1		      BCC	SET_MODE	; If none pressed, stay in this mode
    995  faf7		       7a 00 9b 	      DEC	YEAR	; If switch 3 was pressed the decrement the year
    996  fafa		       20 ec		      BRA	SET_MODE	; Stay in this mode
    997  fafc
    998  fafc		       7c 00 9b    INC_YEAR   INC	YEAR	; If switch 2 was pressed then increment the year
    999  faff		       20 e7		      BRA	SET_MODE	; Stay in this mode
   1000  fb01
   1001  fb01		       fb 01	   SET_MONTH  EQU	*	; Once the year is set, display and adjust the month
   1002  fb01		       cc 03 3b 	      LDD	#$033B	; Special select value to display the month and suppress
   1003  fb04							;  the day and indicator lights
   1004  fb04		       bd fc 18 	      JSR	BACKGROUND	; Display the current month setpoint and read the keyboard
   1005  fb07		       d6 c8		      LDAB	MONTH	; Get the current month setpoint for possible modification
   1006  fb09		       c0 0b		      SUBB	#11	; Subtract 11 in case we will want to add 1
   1007  fb0b		       44		      LSRA		; See if switch 1 was pressed
   1008  fb0c		       25 11		      BCS	SET_DAY	; If it was then leave the month and go on to the day
   1009  fb0e		       44		      LSRA		; See if switch 2 was pressed
   1010  fb0f		       25 05		      BCS	INC_MONTH_SET	; If it was then increment the month
   1011  fb11		       44		      LSRA		; See if switch 3 was pressed
   1012  fb12		       24 ed		      BCC	SET_MONTH	; If none pressed, stay in this mode
   1013  fb14		       cb 0a		      ADDB	#10	; If switch 3 was pressed then add back all but one of the
   1014  fb16							;  11 that were subtracted above, to give a net decrement by 1
   1015  fb16		       5d	   INC_MONTH_SET TSTB		; After subtracting either 1 or 11, see if the
   1016  fb17		       2e 02		      BGT	SAVE_MONTH	;  month is less than 1
   1017  fb19		       cb 0c		      ADDB	#12	; If it is then add 12 to bring it back in the range 1 to 12
   1018  fb1b		       d7 c8	   SAVE_MONTH STAB	MONTH	; Save the new month setpoint
   1019  fb1d		       20 e2		      BRA	SET_MONTH	; Stay in this mode
   1020  fb1f
   1021  fb1f							;; PAGE 26 DISPLAY MODE ROUTINES
   1022  fb1f
   1023  fb1f		       fb 1f	   SET_DAY    EQU	*	; Once the month is set, display and adjust the day
   1024  fb1f		       bd f9 d5 	      JSR	DAYS_IN_MONTH	; First see that the day is valid for the current
   1025  fb22		       96 c5		      LDAA	DAY	;  month setpoint [bill: days in month in register B]
   1026  fb24		       44		      LSRA		; Delete the daylight saving time flag
   1027  fb25		       27 19		      BEQ	SAVE_DAY	; If the day is zero then set the day to last of month
   1028  fb27		       10		      SBA		; If it is greater than allowed then subtract the number of days
   1029  fb28		       16		      TAB		;  in this month
   1030  fb29		       2e 15		      BGT	SAVE_DAY	; Save the difference if it is greater than zero
   1031  fb2b		       cc 03 cb 	      LDD	#$03CB	; Special select value to display the day and suppress
   1032  fb2e							;  the month and indicator lights
   1033  fb2e		       bd fc 18 	      JSR	BACKGROUND	; Display the current day setpoint and read the keyboard
   1034  fb31		       d6 c5		      LDAB	DAY	; Get the current day setpoint and read the keyboard
   1035  fb33		       54		      LSRB		; Delete the daylight saving flag
   1036  fb34		       44		      LSRA		; See if switch 1 was pressed
   1037  fb35		       25 0e		      BCS	SET_HOUR	; If it was then leave the day and go to the hour
   1038  fb37		       44		      LSRA		; See if switch 2 was pressed
   1039  fb38		       25 05		      BCS	INC_DAY_SET	; If it was then increment the day
   1040  fb3a		       44		      LSRA		; See if switch 3 was pressed
   1041  fb3b		       24 e2		      BCC	SET_DAY	; If none pressed, stay in this mode
   1042  fb3d		       5a		      DECB		; If switch 3 was pressed then decrement the day
   1043  fb3e							; If it decrements to zero then it will be changed to
   1044  fb3e							;  the last day in the month above
   1045  fb3e		       5a		      DECB		; Decrement a second time to cancel the increment below
   1046  fb3f		       5c	   INC_DAY_SET INCB		; Increment to the next day
   1047  fb40							; If it increments past the last valid day then
   1048  fb40							;  it will get set to day one above
   1049  fb40		       58	   SAVE_DAY   LSLB		; Shift in a zero for daylight saving flag
   1050  fb41		       d7 c5		      STAB	DAY
   1051  fb43		       20 da		      BRA	SET_DAY	; Stay in this mode
   1052  fb45
   1053  fb45		       fb 45	   SET_HOUR   EQU	*	; Once the day is set, display and adjust the hour.
   1054  fb45		       cc 02 3b 	      LDD	#$023B	; Special select value to display the hour and suppress
   1055  fb48		       bd fc 18 	      JSR	BACKGROUND	;  the minutes and indicator lights.
   1056  fb4b							;  return after reading the keyboard
   1057  fb4b		       d6 98		      LDAB	TIME_OF_DAY	; Get the current time for possible modification
   1058  fb4d							;  [bill: represented as units of 10 minutes]
   1059  fb4d		       44		      LSRA		; See if switch 1 was pressed
   1060  fb4e		       25 1d		      BCS	SET_TEN_MINUTE	; If it was then leave the hour and go on to the
   1061  fb50							;  tens of minutes
   1062  fb50		       44		      LSRA		; See if switch 2 was pressed
   1063  fb51		       25 0b		      BCS	INC_HOUR	; If it was then increment the hour
   1064  fb53		       44		      LSRA		; See if switch 2 was pressed
   1065  fb54		       24 ef		      BCC	SET_HOUR	; If none pressed, stay in this mode
   1066  fb56		       c0 06		      SUBB	#6	; If switch 3 was pressed then decrement the hour
   1067  fb58		       24 0c		      BHS	SAVE_HOUR	; As long as this does not go below zero, save it
   1068  fb5a		       cb 90		      ADDB	#24*6	; If it goes below zero then add 24 hours
   1069  fb5c		       20 08		      BRA	SAVE_HOUR
   1070  fb5e
   1071  fb5e		       cb 06	   INC_HOUR   ADDB	#6	; If switch 2 was pressed then increment the hour
   1072  fb60		       c1 90		      CMPB	#24*6	; Make sure this does not go above 24 hours
   1073  fb62		       25 02		      BLO	SAVE_HOUR	; If it doesn't then save it
   1074  fb64		       c0 90		      SUBB	#24*6	; If it goes above 24 hours then subtract 24 hours
   1075  fb66		       d7 98	   SAVE_HOUR  STAB	TIME_OF_DAY	; Save the modified hour
   1076  fb68		       bd fa 23 	      JSR	INIT_MINMAX	; Whenever then time of day is changed, reset the
   1077  fb6b							;; PAGE 27
   1078  fb6b							;  minimum, maximum, and average values
   1079  fb6b		       20 d8		      BRA	SET_HOUR	; Stay in this mode
   1080  fb6d
   1081  fb6d							;; PAGE 28
   1082  fb6d
   1083  fb6d		       fb 6d	   SET_TEN_MINUTE EQU	*	; Once the hour is set, display and adjust the
   1084  fb6d							;  tens of minutes
   1085  fb6d		       cc 02 db 	      LDD	#$02DB	; Special select value to display the tens of minutes and
   1086  fb70		       bd fc 18 	      JSR	BACKGROUND	;  suppress the hours and minutes and indicator lights.
   1087  fb73							;  return after reading the keyboard
   1088  fb73		       d6 98		      LDAB	TIME_OF_DAY	; Get the current time for possible modification
   1089  fb75		       c0 06	   DIV_BY_6   SUBB	#6	; Divide by six and save the remainder to show tens of minutes
   1090  fb77		       24 fc		      BHS	DIV_BY_6	; When done, this will be a value from -1 to -6
   1091  fb79							; [bill: this removes whole hours leaving just 10-minute units]
   1092  fb79		       44		      LSRA		; See if switch 1 was pressed
   1093  fb7a		       25 20		      BCS	SET_MINUTE	; If it was then leave the tens of minutes and go on
   1094  fb7c							;  to the minutes
   1095  fb7c		       44		      LSRA		; See if switch 2 was pressed
   1096  fb7d		       25 0d		      BCS	INC_TENS	; If it was then increment the tens of minutes
   1097  fb7f		       44		      LSRA		; See if switch 3 was pressed
   1098  fb80		       24 eb		      BCC	SET_TEN_MINUTE	; If none pressed, stay in this mode
   1099  fb82		       86 ff		      LDAA	#-1	; If switch 3 was pressed then decrement the tens of minutes
   1100  fb84		       c1 fa		      CMPB	#-6	; Check the tens of minutes
   1101  fb86		       26 0b		      BNE	ADJ_TENS	; Unless the tens digit was zero, decrement it
   1102  fb88		       86 05		      LDAA	#5	; If it was zero then add five to it
   1103  fb8a		       20 07		      BRA	ADJ_TENS
   1104  fb8c
   1105  fb8c		       86 01	   INC_TENS   LDAA	#1	; If switch 2 was pressed then increment the tens
   1106  fb8e		       5c		      INCB		;  check the tens of minutes
   1107  fb8f		       26 02		      BNE	ADJ_TENS	; Unless the tens digit was five, increment it
   1108  fb91		       86 fb		      LDAA	#-5	; If it was five then subtract five from it
   1109  fb93		       9b 98	   ADJ_TENS   ADDA	TIME_OF_DAY	; [bill: A has delta to full time; B had just 10-minutes]
   1110  fb95		       97 98		      STAA	TIME_OF_DAY	; Put back the adjusted time
   1111  fb97		       bd fa 23 	      JSR	INIT_MINMAX	; Every time the hour or minute is changed, reset
   1112  fb9a							;  the minimum and maximum and mean values
   1113  fb9a		       20 d1		      BRA	SET_TEN_MINUTE	; Stay in this mode
   1114  fb9c
   1115  fb9c							;; PAGE 29
   1116  fb9c		       fb 9c	   SET_MINUTE EQU	*	; Once the tens of minutes are set, set the minutes
   1117  fb9c		       cc 02 eb 	      LDD	#$02EB	; Special select value to display the minutes and suppress
   1118  fb9f		       8d 77		      BSR	BACKGROUND	;  the hours and tens of minutes.
   1119  fba1							;  return after reading the keyboard
   1120  fba1		       44		      LSRA		; See if switch 1 has been pressed
   1121  fba2		       25 27		      BCS	SET_ALT	; If it has then leave the minutes unchanged an go on
   1122  fba4							;  to modify the alternate display mode selection setpoint
   1123  fba4		       85 03		      BITA	#ACC0+ACC1	; See if either switch 2 or switch 3 has been pressed
   1124  fba6		       27 f4		      BEQ	SET_MINUTE	; As long as neither of them has been pressed, let
   1125  fba8							;  the clock keep running
   1126  fba8		       d6 95	   MOD_MINUTE LDAB	TENTHS	; Get the current minutes for possible change
   1127  fbaa		       44		      LSRA		; See if switch 2 was pressed
   1128  fbab		       25 07		      BCS	INC_MINUTE	; If it was then increment the minutes
   1129  fbad		       44		      LSRA		; See if switch 3 was pressed
   1130  fbae		       24 0c		      BCC	HOLD_MINUTE	; If not then just hold the time at its present value
   1131  fbb0		       cb 90		      ADDB	#$90	; Decrement the upper digit of this BCD value
   1132  fbb2		       20 02		      BRA	SKIP_INC	; Skip the increment in the next line
   1133  fbb4		       cb 10	   INC_MINUTE ADDB	#$10	; Increment the upper digit of this BCD value
   1134  fbb6		       17	   SKIP_INC   TBA		; Copy it into register A to decimal adjust the value
   1135  fbb7		       19		      DAA
   1136  fbb8		       84 f0		      ANDA	#$F0	; Set the tenths of miutes digit to zero
   1137  fbba
   1138  fbba		       97 95		      STAA	TENTHS	; Save the modified minutes value
   1139  fbbc
   1140  fbbc							; original binary, instead of 'CLR TWENTIETHS':
   1141  fbbc							; fbb6 86 78  HOLD_MINUTE  LDAA #$78
   1142  fbbc							; fbb8 97 92		    STAA $92 (TWENTIETHS)
   1143  fbbc
   1144  fbbc		       86 78	   HOLD_MINUTE LDAA	#$78
   1145  fbbe		       97 92		      STAA	TWENTIETHS
   1146  fbc0
   1147  fbc0							; June 1984 listing:
   1148  fbc0							; HOLD_MINUTE	       CLR     TWENTIETHS      ; Clear the lower bits of the time to keep
   1149  fbc0							;					       ;  it set exactly to the minute - also keeps the
   1150  fbc0							;  colon from flashing in the display
   1151  fbc0		       cc 02 eb 	      LDD	#$02EB	; Special select value to display the minutes and suppress
   1152  fbc3		       8d 53		      BSR	BACKGROUND	;  the hours and tens of minutes
   1153  fbc5							;  return after reading the keyboard
   1154  fbc5		       44		      LSRA		; See if switch 1 was pressed
   1155  fbc6		       24 e0		      BCC	MOD_MINUTE	; If not they stay in this mode and hold the time
   1156  fbc8							;  where it is
   1157  fbc8		       7e fa 54    EXIT_SET   JMP	DISPLAY_MODE	; On exiting from this mode, return
   1158  fbcb							;  to normal display mode
   1159  fbcb							;; PAGE 30
   1160  fbcb
   1161  fbcb		       fb cb	   SET_ALT    EQU	*	; If no change was made to the minutes then display
   1162  fbcb							;  and adjust the alternate display mode selection setponit
   1163  fbcb		       86 a0		      LDAA	#$A0	; Special select value to display the alternate mode
   1164  fbcd		       8d 49		      BSR	BACKGROUND	;  selection setpoint.
   1165  fbcf							;  return after reading keyboard
   1166  fbcf		       d6 cb		      LDAB	ALT_SELECT	; Get the current value of the setpoint just in case
   1167  fbd1		       44		      LSRA		; See if switch 1 was pressed
   1168  fbd2		       25 f4		      BCS	EXIT_SET	; If it was then leave this mode and return to normal
   1169  fbd4							;  display mode
   1170  fbd4		       44		      LSRA		; See if switch 2 was pressed
   1171  fbd5		       25 0a		      BCS	INC_ALT	; If it was then go to the next select value
   1172  fbd7		       44		      LSRA		; See if switch 3 was pressed
   1173  fbd8		       24 f1		      BCC	SET_ALT	; If none pressed then stay in this mode
   1174  fbda		       5a	   DEC_ALT    DECB		; If switch 3 was pressed then go to the previous value
   1175  fbdb		       8d 0d		      BSR	VALID_ALT	; See if this is a valid selection setpoint
   1176  fbdd		       27 fb		      BEQ	DEC_ALT	; If not then go back another one
   1177  fbdf		       20 05		      BRA	SAVE_ALT	; When a valid one is found, save it
   1178  fbe1
   1179  fbe1		       5c	   INC_ALT    INCB		; If switch 2 was pressed then go to the next value
   1180  fbe2		       8d 06		      BSR	VALID_ALT	; See if this is a valud selection setpoint
   1181  fbe4		       27 fb		      BEQ	INC_ALT	; If not then go forward another one
   1182  fbe6		       d7 cb	   SAVE_ALT   STAB	ALT_SELECT	; Once a valid one is found, save it
   1183  fbe8		       20 e1		      BRA	SET_ALT	; Stay in this mode
   1184  fbea
   1185  fbea		       c4 0f	   VALID_ALT  ANDB	#$0F	; Clear the upper for bits in case they get set
   1186  fbec		       27 05		      BEQ	INVALID_ALT	; A value of zero is invalid, return equal
   1187  fbee		       37		      PSHB		; Save the lower 4 bits
   1188  fbef		       54	   TEST_ALT_BIT LSRB		; Look for the first non-zero bit
   1189  fbf0		       24 fd		      BCC	TEST_ALT_BIT	; Keep shifting until it is found
   1190  fbf2		       33		      PULB		; At this point, if the rest of the byte is zero then this is
   1191  fbf3							;  not a valid selection setpoint, so return equal
   1192  fbf3							; If the rest of the byte is not zero then it is
   1193  fbf3							;  valid, so return not equal
   1194  fbf3		       39	   INVALID_ALT RTS
   1195  fbf4
   1196  fbf4							;; PAGE 31
   1197  fbf4
   1198  fbf4							; Diagnostics routine
   1199  fbf4
   1200  fbf4		       fb f4	   DIAG_MODE  EQU	*	; This is a display routine in which various pieces of
   1201  fbf4							;  information needed only for diagnostic purposes can
   1202  fbf4							;  be accessed.  At present this consists of access to
   1203  fbf4							;  the contents of all the RAM locations.
   1204  fbf4		       d6 80		      LDAB	RAM_PTR	; Load the address of the RAM location to display
   1205  fbf6		       c4 7f		      ANDB	#$7F	; Make sure it is pointing to one of the 128 RAM bytes
   1206  fbf8		       d7 80		      STAB	RAM_PTR	; Save the pointer with the MSB clear
   1207  fbfa		       86 90		      LDAA	#$90	; Special select value to display ram address and contents
   1208  fbfc							;  in hex, two digits each
   1209  fbfc		       c1 08		      CMPB	#$08	; At address 0x88, display 8.8.:8.8. and all indicator lights
   1210  fbfe		       26 03		      BNE	NOT_88	;  turned on
   1211  fc00		       cc c0 00 	      LDD	#$C000
   1212  fc03		       8d 13	   NOT_88     BSR	BACKGROUND
   1213  fc05		       44		      LSRA		; See if switch 1 was pressed
   1214  fc06		       25 c0		      BCS	EXIT_SET	; If it was then exit from diagnostic mode
   1215  fc08		       44	   DIAG_UP_DOWN LSRA		; See if switch 2 was pressed
   1216  fc09		       25 08		      BCS	INC_DIAG	; If it was then increment the RAM address
   1217  fc0b		       44		      LSRA		; See if swtch 3 was pressed
   1218  fc0c		       24 e6		      BCC	DIAG_MODE	; If not then just continue displaying the present
   1219  fc0e							;  RAM location
   1220  fc0e		       7a 00 80 	      DEC	RAM_PTR	; If switch 3 was pressed then decrement the pointer and
   1221  fc11		       20 e1		      BRA	DIAG_MODE	;  display the contents of the new location
   1222  fc13
   1223  fc13		       7c 00 80    INC_DIAG   INC	RAM_PTR	; If switch 2 was pressed then increment the
   1224  fc16							;  pointer
   1225  fc16		       20 dc		      BRA	DIAG_MODE	; Display the contents of the new location
   1226  fc18
   1227  fc18							;; PAGE 32 BACKGROUND ROUTINE
   1228  fc18
   1229  fc18							; Main background routine
   1230  fc18							; At present this routine performs three functions: it formats
   1231  fc18							; information to be displayed, using a select code passed to it in
   1232  fc18							; the A and B registers; it waits for 1/20 second to elapse and
   1233  fc18							; completes a handshake with the foreground routine; and it reads
   1234  fc18							; the keyboard and decides which keys have just been pressed.	As
   1235  fc18							; long as no more than one key is pressed at a time, it the returns
   1236  fc18							; with this keyboard information to the same routine which had
   1237  fc18							; called it, but as soon as two keys are pressed simultaneiously it
   1238  fc18							; discards the return address and goes instead to one of three
   1239  fc18							; special routines
   1240  fc18
   1241  fc18		       fc 18	   BACKGROUND EQU	*
   1242  fc18		       4d		      TSTA		; First, see if the display mode is one of the special ones
   1243  fc19		       2a 48		      BPL	NOT_SPECIAL	; If the MSB is not set then standard display mode
   1244  fc1b		       48		      LSLA		; IF the MSB is set then test the next bit as well
   1245  fc1c		       2a 0c		      BPL	NOT_CONST	; if this bit is set then one of the constant patterns
   1246  fc1e							;  is to be displayed
   1247  fc1e		       cc ff ff 	      LDD	#$FFFF	; Presently the only constant pattern is the one with
   1248  fc21		       dd 85		      STD	MSD	;  all segments and lights on
   1249  fc23		       dd 87		      STD	MSD+2
   1250  fc25		       dd 89		      STD	MSD+4
   1251  fc27		       7e fd 84 	      JMP	END_DISP	; Skip the digit blanking and copying from the temporary
   1252  fc2a							;  buffer
   1253  fc2a
   1254  fc2a							;; PAGE 33
   1255  fc2a		       48	   NOT_CONST  LSLA		; If the information to be displayed is not constant,
   1256  fc2b		       2a 18		      BPL	NOT_DISP_ALT	;  see if it is alternate select mode
   1257  fc2d		       cc d4 56 	      LDD	#C*$100+F	; If it is then display the characters 'CFHd'
   1258  fc30		       dd dd		      STD	TEMP_BUF
   1259  fc32		       cc 7a ea 	      LDD	#H*$100+D
   1260  fc35		       dd df		      STD	TEMP_BUF+2
   1261  fc37		       cc 60 f8 	      LDD	#SET+DEGC+DEGF+AM+PM+DATE+CURR	; Turn on all these indicator lights
   1262  fc3a		       dd e1		      STD	TEMP_BUF+4	;  to show this mode
   1263  fc3c		       d6 cb		      LDAB	ALT_SELECT	; See which of these to blank
   1264  fc3e		       53		      COMB		; Blank those whose select big was zero
   1265  fc3f		       86 10		      LDAA	#$10	; Shift it up to the upper four bits
   1266  fc41		       3d		      MUL
   1267  fc42		       7e fd 52 	      JMP	BLANK_DISP	; Blank and copy the digits
   1268  fc45
   1269  fc45		       fc 45	   NOT_DISP_ALT EQU	*	; The only other special mode is RAM contents
   1270  fc45		       d6 80		      LDAB	RAM_PTR	; Format the address first
   1271  fc47		       ca 80		      ORAB	#$80	; Display its real value, with MSB set
   1272  fc49		       37		      PSHB		; Save the address for later
   1273  fc4a		       bd fe ae 	      JSR	DISP_HEX	; Format it as two digit hex
   1274  fc4d		       dd 85		      STD	MSD	; Write it directly to the display buffer
   1275  fc4f		       33		      PULB		; Get the address again
   1276  fc50		       ce 00 00 	      LDX	#0	; This time use it to fetch the contents
   1277  fc53		       3a		      ABX		; Form the complet address in X
   1278  fc54		       e6 00		      LDAB	0,X	; Load the contents
   1279  fc56		       bd fe ae 	      JSR	DISP_HEX	; Format it
   1280  fc59		       dd 87		      STD	MSD+2	; Write it to the display buffer
   1281  fc5b		       cc 3f ff 	      LDD	#$FFFF-COLON-SET	; Turn on nearly all the indicator lights
   1282  fc5e		       dd 89		      STD	MSD+4	;  in this mode
   1283  fc60		       7e fd 84 	      JMP	END_DISP	; No need to blank digits or copy to display RAM
   1284  fc63
   1285  fc63							;; PAGE 34
   1286  fc63		       37	   NOT_SPECIAL PSHB		; If none of the special display modes then save
   1287  fc64		       44		      LSRA		;  the zone selector and shift out the data type selector
   1288  fc65		       76 00 dd 	      ROR	TEMP_BUF	; The LSB of the data type selector is saved for later
   1289  fc68		       44		      LSRA		;  as the second bit of the data type selector is shifted out
   1290  fc69		       25 2c		      BCS	NOT_TEMP	;  test it for temperature value vs. time value
   1291  fc6b		       bd fd bb 	      JSR	POINTO_TEMP	; If it is a temperature then get its address (in X)
   1292  fc6e		       c6 80		      LDAB	#DEGC	; Assume that the units are degrees C
   1293  fc70		       96 dd		      LDAA	TEMP_BUF	; If this is wrong then the sign bit of temp_buf will
   1294  fc72		       2a 02		      BPL	IS_DEGC	;  be set
   1295  fc74		       c6 40		      LDAB	#DEGF	; In this case turn on the degree f light instead
   1296  fc76		       d7 e2	   IS_DEGC    STAB	TEMP_BUF+5	;  write this value into the buffer
   1297  fc78		       8c 00 cc 	      CPX	#TODAY_MEAN1
   1298  fc7b		       25 0d		      BLO	NOT_AVG
   1299  fc7d		       8c 00 d2 	      CPX	#TODAY_MEAN3
   1300  fc80		       22 08		      BHI	NOT_AVG
   1301  fc82		       bd f9 fd 	      JSR	AVERAGE
   1302  fc85		       ce 00 db 	      LDX	#TEMP+2
   1303  fc88		       ed 00		      STD	0,X
   1304  fc8a		       bd fd d0    NOT_AVG    JSR	CALC_TEMP	; Convert to temperature in the desired units
   1305  fc8d		       bd fe 5e 	      JSR	DISP_FOUR	; Now convert it to four digits on the stack
   1306  fc90		       7c 00 df 	      INC	TEMP_BUF+2	; Turn on the decimal point to the right of the
   1307  fc93							;  third digit
   1308  fc93		       33		      PULB		; Get back the zone selection bits
   1309  fc94		       7e fd 52 	      JMP	BLANK_DISP	; Blank digits as needed and copy to RAM
   1310  fc97
   1311  fc97		       7d 00 dd    NOT_TEMP   TST	TEMP_BUF	; If not temperature then see if it is time or date
   1312  fc9a		       2a 2c		      BPL	DISP_TIME	; If not date then must be time
   1313  fc9c		       4d		      TSTA		; If date then may be either month/day or year
   1314  fc9d		       27 13		      BEQ	DISP_DATE	; If no other bits set then it is month/day
   1315  fc9f		       cc 07 c0 	      LDD	#1984	; The base year is 1984
   1316  fca2		       db 9b		      ADDB	YEAR	; Add this to the relative year value
   1317  fca4		       89 00		      ADCA	#0	; Carry into the upper byte
   1318  fca6		       bd fe 5e 	      JSR	DISP_FOUR	; Display as a four digit value (should get no blanking)
   1319  fca9		       cc 00 08 	      LDD	#DATE	; Select the indicator lights to use
   1320  fcac		       dd e1		      STD	TEMP_BUF+4	; Write them to the buffer
   1321  fcae		       33		      PULB		; Get back the zone selection bits
   1322  fcaf		       7e fd 52 	      JMP	BLANK_DISP	; Copy and blank as needed
   1323  fcb2
   1324  fcb2		       d6 c8	   DISP_DATE  LDAB	MONTH	; For displaying the date start by formatting
   1325  fcb4		       bd fe 3a 	      JSR	DISP_TWO	;  the month as two digits with leading zero blanking
   1326  fcb7		       dd dd		      STD	TEMP_BUF	; Write this out to the first two digits
   1327  fcb9		       d6 c5		      LDAB	DAY	; Also format the day as two digits with blanking
   1328  fcbb		       54		      LSRB		;  shift out the daylight saving flag
   1329  fcbc		       bd fe 3a 	      JSR	DISP_TWO
   1330  fcbf		       cc 20 08 	      LDD	#DATE+CURR	; Set up the indicator lights
   1331  fcc2		       dd e1		      STD	TEMP_BUF+4	; Write them to the buffer
   1332  fcc4		       33		      PULB		; Get back the zone selector value
   1333  fcc5		       7e fd 52 	      JMP	BLANK_DISP	; Blank digits if required and copy to RAM
   1334  fcc8
   1335  fcc8							;; PAGE 35
   1336  fcc8		       fc c8	   DISP_TIME  EQU	*
   1337  fcc8		       bd fd bb 	      JSR	POINTO_TEMP	; Get the address of the temperature associated with
   1338  fccb							;  this time
   1339  fccb		       a6 02		      LDAA	2,X	; Get the time value in A
   1340  fccd		       5f		      CLRB		; Set the last digit of time to zero
   1341  fcce		       8c 00 9c 	      CPX	#CONV_BUF+15	; See if it is the current time which is needed
   1342  fcd1		       24 04		      BHS	NOT_CUR_TIME	; If it is then
   1343  fcd3		       96 98		      LDAA	TIME_OF_DAY	;  substitute the current time of day
   1344  fcd5		       d6 95		      LDAB	TENTHS	;  and the current tenths of minutes, which has the
   1345  fcd7							;  units digit of the minutes
   1346  fcd7		       54	   NOT_CUR_TIME LSRB		; Shift the minutes digit to the low four bits
   1347  fcd8		       54		      LSRB
   1348  fcd9		       54		      LSRB
   1349  fcda		       54		      LSRB
   1350  fcdb		       dd d9		      STD	TEMP	; Save both bytes of the time value
   1351  fcdd		       26 08		      BNE	NOT_2400	; If both bytes are zero then it is 12:00 midnight
   1352  fcdf		       d6 02		      LDAB	PORT1	; See if we are formatting 24 hour time
   1353  fce1		       c5 40		      BITB	#JUMPER_24
   1354  fce3		       27 02		      BEQ	NOT_2400	; If it is 12:00 midnight and we are in 24 hour time
   1355  fce5		       86 90		      LDAA	#24*6	;  then substitute the time 24:00
   1356  fce7		       c6 ab	   NOT_2400   LDAB	#171	; If it is not midnight or we are in 12 hour time
   1357  fce9		       3d		      MUL		;  mode then continue by multiplying by 1/6
   1358  fcea		       04		      LSRD		; 171 is actually 1024/6 so after we shift down two bits the
   1359  fceb		       04		      LSRD		;  whole number part is in A and the fraction is in B
   1360  fcec		       d7 d9		      STAB	TEMP	; Save the fraction part
   1361  fcee		       d6 02		      LDAB	PORT1	; See if we are in 12 hour or 24 hour time mode
   1362  fcf0		       c5 40		      BITB	#JUMPER_24
   1363  fcf2		       27 08		      BEQ	TWELVE_HOUR	; If we are in 24 hour mode then
   1364  fcf4		       0d		      SEC		;  set a bit to indicate it
   1365  fcf5		       79 00 da 	      ROL	TEMP+1
   1366  fcf8		       c6 fc		      LDAB	#ZERO	; In 24 hour mode don't suppress zeros
   1367  fcfa		       20 12		      BRA	FORM_HOURS	; /Format the hours digits exactly as they are
   1368  fcfc
   1369  fcfc		       81 0c	   TWELVE_HOUR CMPA	#12	; In 12 hour mode see if it is AM or PM
   1370  fcfe		       25 02		      BLO	IS_AM	; If it is PM then
   1371  fd00		       80 0c		      SUBA	#12	;  shift it down to a value from 0 to 11
   1372  fd02		       79 00 da    IS_AM      ROL	TEMP+1	; Save the carry bit to show whether it is AM or PM
   1373  fd05		       79 00 da 	      ROL	TEMP+1	; Also save a zero bit to show that it is 12 hour time
   1374  fd08		       4d		      TSTA		; See if it is zero hours
   1375  fd09		       26 02		      BNE	NOT_0	; If it is then
   1376  fd0b		       86 0c		      LDAA	#12	;   make it 12 hours
   1377  fd0d		       5f	   NOT_0      CLRB		; Assume initially that the tens of hours digit is zero
   1378  fd0e		       80 0a	   FORM_HOURS SUBA	#10	; See if it is at least one
   1379  fd10		       25 0a		      BLO	GOT_TENS	; If not then leave the tens digit blank
   1380  fd12		       c6 28		      LDAB	#ONE	; Otherwise assume that it is a one
   1381  fd14		       80 0a		      SUBA	#10	; See if is actually two
   1382  fd16		       25 04		      BLO	GOT_TENS	; If not then leave it a one
   1383  fd18		       c6 e6		      LDAB	#TWO	; Otherwise make it a two
   1384  fd1a		       80 0a		      SUBA	#10	; Subtract another ten to match the results for zero and one
   1385  fd1c		       d7 dd	   GOT_TENS   STAB	TEMP_BUF	; Write the tens digit to the buffer
   1386  fd1e		       16		      TAB		; Copy the negative residual to B
   1387  fd1f		       ce fd cd 	      LDX	#DIGIT_TAB+10-256	; Point to the lookup table but compensate for
   1388  fd22		       3a		      ABX		;  the extra ten which was subtracted above
   1389  fd23		       e6 00		      LDAB	0,X	; Get the bit pattern for the second digit
   1390  fd25		       d7 de		      STAB	TEMP_BUF+1	; Write the second digit to the buffer
   1391  fd27		       d6 d9		      LDAB	TEMP	; Get the fractional part from above to calcuate the
   1392  fd29
   1393  fd29							;; PAGE 36
   1394  fd29		       86 06		      LDAA	#6	;  tens of minutes
   1395  fd2b							; original has INCB, June 1984 does not
   1396  fd2b		       5c		      INCB
   1397  fd2c		       3d		      MUL
   1398  fd2d		       16		      TAB		; Copy this into B
   1399  fd2e		       ce fe c3 	      LDX	#DIGIT_TAB	; Look up the bit pattern for this digit
   1400  fd31		       3a		      ABX
   1401  fd32		       e6 00		      LDAB	0,X
   1402  fd34		       d7 df		      STAB	TEMP_BUF+2	; Write the third digit to the buffer
   1403  fd36		       d6 da		      LDAB	TEMP+1	; Get the four bits of the last digit
   1404  fd38		       4f		      CLRA		; Assume that neither AM or PM will be turned on (24 hour mode)
   1405  fd39		       54		      LSRB		; Test the bit which was saved to show this
   1406  fd3a		       25 07		      BCS	DISP_AM_PM	; If it is set then leave both lights off
   1407  fd3c		       86 20		      LDAA	#AM	; If it is clear then assume that is is AM
   1408  fd3e		       54		      LSRB		; The next bit will tell us which it is
   1409  fd3f		       25 02		      BCS	DISP_AM_PM	; If it is set then leave the AM light on
   1410  fd41		       86 10		      LDAA	#PM	; If it is clear then turn on the PM light instead
   1411  fd43		       97 e2	   DISP_AM_PM STAA	TEMP_BUF+5	; Save the second byte of indicator lights
   1412  fd45		       ce fe c3 	      LDX	#DIGIT_TAB	; Index into the table
   1413  fd48		       3a		      ABX
   1414  fd49		       a6 00		      LDAA	0,X	; Get the digit
   1415  fd4b		       d6 e1		      LDAB	TEMP_BUF+4	; Get the first byte of indicator lights
   1416  fd4d		       ca 80		      ORAB	#COLON/$100	; Set the colon to show time display mode
   1417  fd4f		       dd e0		      STD	TEMP_BUF+3	; Write out the fourth digit and the lights
   1418  fd51		       33		      PULB		; Get the zone selector value
   1419  fd52
   1420  fd52							; Drop directly into the display blanking routine
   1421  fd52
   1422  fd52							;; PAGE 37
   1423  fd52
   1424  fd52							; Copy the display data from the temporary buffer to the display
   1425  fd52							; buffer while blanking digits as required and blinking the colon
   1426  fd52
   1427  fd52		       37	   BLANK_DISP PSHB		; Save the zone selector value
   1428  fd53		       ce 00 00 	      LDX	#0	; Use X as a pointer and counter
   1429  fd56		       a6 dd	   BLANK_NEXT LDAA	TEMP_BUF,X	; Load a digit from the temporary buffer
   1430  fd58		       58		      LSLB		; See whether this one should be blanked
   1431  fd59		       24 01		      BCC	NOT_BLANK	; If the bit is not set then don't blank the digit
   1432  fd5b		       4f		      CLRA		; Otherwise blank it
   1433  fd5c		       a7 85	   NOT_BLANK  STAA	MSD,X	; Write the digit to the display buffer
   1434  fd5e		       08		      INX		; point to the next digit
   1435  fd5f		       8c 00 04 	      CPX	#4	; See if all four digits have been copied
   1436  fd62		       25 f2		      BLO	BLANK_NEXT	; Repeat until all four done
   1437  fd64		       96 e1		      LDAA	TEMP_BUF+4	; Get the first byte of indicator light bits
   1438  fd66		       58		      LSLB		; See if the set light should be turned on
   1439  fd67		       24 02		      BCC	SET_OFF	; If not then leave it as is
   1440  fd69		       8a 40		      ORAA	#SET/$100	; Otherwise turn it on
   1441  fd6b		       d6 92	   SET_OFF    LDAB	TWENTIETHS	; See if the blinking colon should be on or off
   1442  fd6d		       c0 14	   SUB_20     SUBB	#20	;  this time - get the present time mod 1 second.
   1443  fd6f		       24 fc		      BHS	SUB_20	;  Keep subtracting 1 second until it goes negative
   1444  fd71		       cb 0a		      ADDB	#10	; Add back 1/2 second
   1445  fd73		       2b 02		      BMI	COLON_ON	; If we are over 1/2 second into the current second then
   1446  fd75		       84 7f		      ANDA	#$FF-(COLON/$100)	; Turn off the colon (if it was on)
   1447  fd77		       33	   COLON_ON   PULB		; Get back the original zone selector value
   1448  fd78		       c4 03		      ANDB	#ACC0+ACC1	; Use just the two lowest bits of the byte
   1449  fd7a		       ce fd b7 	      LDX	#ZONE_TAB	; Point to a lookup table for the zone indictor lights
   1450  fd7d		       3a		      ABX		; Index into it
   1451  fd7e		       d6 e2		      LDAB	TEMP_BUF+5	; Get the second byte of the indicator bits
   1452  fd80		       ea 00		      ORAB	0,X	; Or in the zone indicator bits
   1453  fd82		       dd 89		      STD	MSD+4	; Write both bytes to the display buffer
   1454  fd84
   1455  fd84		       ce ff ff    END_DISP   LDX	#-1	; Set up a counter to measure processor loading
   1456  fd87		       08	   INC_LOAD   INX		; Increment it once every 9 microseconds
   1457  fd88		       96 8b		      LDAA	ADC_STATE	; Before continuing, wait for the foreground
   1458  fd8a		       26 fb		      BNE	INC_LOAD	;  task to indicate that 1/20 second has elapsed
   1459  fd8c		       86 03		      LDAA	#3	; Reset the ADC state to 3 to complete the handshake with
   1460  fd8e		       97 8b		      STAA	ADC_STATE	;  foreground
   1461  fd90		       df e1		      STX	TEMP_BUF+4	; Put the loading value in a place where it will not
   1462  fd92							;  get in the way
   1463  fd92		       96 02		      LDAA	PORT1	; Read the keyboard
   1464  fd94		       16		      TAB		; Make a second copy of the key closures
   1465  fd95		       43		      COMA		; Complement one copy so that a bit is set for each key that
   1466  fd96							;  is pressed
   1467  fd96		       94 d7		      ANDA	LAST_KBD	; And it with the previous reading of the keyboard,
   1468  fd98							;  uncomplemented, so that a bit will now be set only if
   1469  fd98							;  the key is pressed now but was not pressed 1/20 sec ago
   1470  fd98		       d7 d7		      STAB	LAST_KBD	; Save the present key closures to use 1/20 sec from now
   1471  fd9a		       53		      COMB		; Now also complement this to set the bit if the key is pressed
   1472  fd9b		       84 07		      ANDA	#ACC0+ACC1+ACC2	; Mask off any other bits in the returned byte
   1473  fd9d		       c4 07		      ANDB	#ACC0+ACC1+ACC2	; Do the same for the current bits
   1474  fd9f		       38		      PULX		; Take the return address of the stack in case we don't return
   1475  fda0		       c1 03		      CMPB	#ACC0+ACC1	; See if both switch 1 and switch 2 are being pressed
   1476  fda2		       26 03		      BNE	NOT_ALT	;  simultaneiously
   1477  fda4		       7e fa d3 	      JMP	ENTER_ALT	; If they are then go to alternate display mode
   1478  fda7
   1479  fda7							;; PAGE 38
   1480  fda7		       c1 05	   NOT_ALT    CMPB	#ACC0+ACC2	; See if both switch 1 and switch 3 are being pressed
   1481  fda9		       26 03		      BNE	NOT_SET	;  simultaneously
   1482  fdab		       7e fa e8 	      JMP	SET_MODE	; If they are then go to time setting mode
   1483  fdae		       c1 06	   NOT_SET    CMPB	#ACC1+ACC2	; See if both switch 2 and switch 3 are being pressed
   1484  fdb0		       26 03		      BNE	NOT_DIAG	;  simultaneously
   1485  fdb2		       7e fb f4 	      JMP	DIAG_MODE	; If they are then go to diagnostic mode
   1486  fdb5		       6e 00	   NOT_DIAG   JMP	0,X	; If no pairs are being pressed then return to the calling
   1487  fdb7							;  routine
   1488  fdb7
   1489  fdb7		       04	   ZONE_TAB   DC	ZONE1	; Indicator light for zone 1
   1490  fdb8		       02		      DC	ZONE2	; Indicator light for zone 2
   1491  fdb9		       01		      DC	ZONE3	; Indicator light for zone 3
   1492  fdba		       00		      DC	0	; Special value to suppress zone indicator lights
   1493  fdbb
   1494  fdbb							;; PAGE 39
   1495  fdbb							; Subroutine to find the address of a temperature value from the
   1496  fdbb							; type indicator in A and the zone number in B.
   1497  fdbb							; Returns the address in X and the indicator light bits in
   1498  fdbb							; TEMP_BUF+4
   1499  fdbb
   1500  fdbb		       37	   POINTO_TEMP PSHB		; Set aside the zone number for now
   1501  fdbc		       16		      TAB		; See what type of temp is desired
   1502  fdbd		       ce fe 25 	      LDX	#TEMP_TAB	; Index into a table of temperature addresses and
   1503  fdc0		       3a		      ABX		;  indicator light bits. X + 3*B
   1504  fdc1		       58		      LSLB
   1505  fdc2		       3a		      ABX
   1506  fdc3		       a6 02		      LDAA	2,X	; Get the indicator light bits first
   1507  fdc5		       97 e1		      STAA	TEMP_BUF+4	; Save them in RAM
   1508  fdc7		       ee 00		      LDX	0,X	; Load the address from the table, whic his the address of
   1509  fdc9							;  the temperature value for zone 1
   1510  fdc9		       33		      PULB		; Get the zone number again
   1511  fdca		       c4 03		      ANDB	#ACC0+ACC1	; Look at just the zone selector bits
   1512  fdcc		       3a		      ABX		; Add three times the zone number to select the value for the
   1513  fdcd		       58		      LSLB		;  specific zone
   1514  fdce		       3a		      ABX
   1515  fdcf		       39		      RTS		; Return
   1516  fdd0
   1517  fdd0							; Subroutine to calculate the temperature in tenths of a degree,
   1518  fdd0							; either C or F, from the A/D values
   1519  fdd0							; Enter with the address of the A/D value in X and a flag to select
   1520  fdd0							; degrees C or F in the sign bit of TEMP_BUF
   1521  fdd0							; Returns the temperature in A and B
   1522  fdd0
   1523  fdd0		       fd d0	   CALC_TEMP  EQU	*
   1524  fdd0		       dc 99		      LDD	CONV_BUF+12	; Calculate the difference between the high reference
   1525  fdd2		       93 96		      SUBD	CONV_BUF+9	;  and the low reference - this is 100C or 180F
   1526  fdd4		       05		      LSLD		; We will be dividing twice this value into half of the other
   1527  fdd5							;  value so the useable temperature range is 400c or 720f
   1528  fdd5		       dd d9		      STD	TEMP	; Set this aside as our divisor
   1529  fdd7		       04		      LSRD		; Now calculate the difference between the high reference and
   1530  fdd8		       d3 99		      ADDD	CONV_BUF+12	;  the temperature conversion value, but offset it
   1531  fdda							;  upward by 100c or 180f to make sure it is positive
   1532  fdda		       a3 00		      SUBD	0,X	; We will sutract the offset out later
   1533  fddc		       04		      LSRD		; Divide by two to give sufficient range
   1534  fddd		       ce 00 10 	      LDX	#16	; Initialize a counter to generate a 16-bit quotient
   1535  fde0		       93 d9	   TEMP_LOOP  SUBD	TEMP	; Perform a trial subtraction of the divisor
   1536  fde2		       24 02		      BHS	IS_POSITIVE	; If the remainder is still positive then leave it
   1537  fde4		       d3 d9		      ADDD	TEMP	; Otherwise add the divisor back in
   1538  fde6		       79 00 dc    IS_POSITIVE ROL	TEMP+3	; Shift the next bit of the quotient from the carry bit
   1539  fde9		       79 00 db 	      ROL	TEMP+2	;  and shift the entire quotient up one bit
   1540  fdec		       05		      LSLD		; Double the remainder
   1541  fded		       09		      DEX		; Decrement the counter
   1542  fdee		       26 f0		      BNE	TEMP_LOOP	; Repeat for 16 bits of quotient
   1543  fdf0		       d6 dc		      LDAB	TEMP+3	; Get the low byte of the quotient
   1544  fdf2		       53		      COMB		; Correct for the bit inversion in the above divide
   1545  fdf3		       96 dd		      LDAA	TEMP_BUF	; See if we want degrees C or F
   1546  fdf5		       2a 17		      BPL	CALC_C	; If it is C then use a different version of the scaling
   1547  fdf7		       86 e1		      LDAA	#180*10/8	; For degrees F the scaling factor is 1800 tenths of
   1548  fdf9		       3d		      MUL		;  a degree - any powers of two will be removed by shifting
   1549  fdfa
   1550  fdfa							;; PAGE 40
   1551  fdfa		       8b 02		      ADDA	#2	; Round up 1/20 degree
   1552  fdfc		       97 d9		      STAA	TEMP	; This is part of the second byte of the final result
   1553  fdfe		       96 db		      LDAA	TEMP+2	; Get the high byte of the quotient
   1554  fe00		       43		      COMA		; Again correct for the bit inversion
   1555  fe01		       c6 e1		      LDAB	#180*10/8	; Scale this in the same way
   1556  fe03		       3d		      MUL
   1557  fe04		       db d9		      ADDB	TEMP	; Combine the two parts of the lower byte of the result
   1558  fe06		       89 00		      ADCA	#0	; Carry into the upper byte
   1559  fe08		       04		      LSRD		; Shift down two bits to get the correct scaling
   1560  fe09		       04		      LSRD
   1561  fe0a		       83 05 c8 	      SUBD	#(180-32)*10	; This cancels the extra 180 degrees which were
   1562  fe0d							;  added in to make the values positive and corrects to 32 degrees
   1563  fe0d							;  as the freezing point of water in Fahrenheit
   1564  fe0d		       39		      RTS
   1565  fe0e
   1566  fe0e		       86 7d	   CALC_C     LDAA	#100*10/8	; For degrees C the scaling factor is 1000 tenths
   1567  fe10		       3d		      MUL		;  of a degree
   1568  fe11		       8b 02		      ADDA	#2	; Round up 1/20 degree
   1569  fe13		       97 d9		      STAA	TEMP	; Save part of the low byte of the result
   1570  fe15		       96 db		      LDAA	TEMP+2	; Get the high byte of the quotient
   1571  fe17		       43		      COMA		; Correct for bit inversion
   1572  fe18		       c6 7d		      LDAB	#100*10/8	; Scale it
   1573  fe1a		       3d		      MUL
   1574  fe1b		       db d9		      ADDB	TEMP	; Finish calculating the low byte
   1575  fe1d		       89 00		      ADCA	#0	; And the high byte
   1576  fe1f		       04		      LSRD		; Shift down two bits to get final scaling
   1577  fe20		       04		      LSRD
   1578  fe21		       83 03 e8 	      SUBD	#100*10	; Cancel the extra 100 degrees
   1579  fe24		       39		      RTS		; Return the value
   1580  fe25
   1581  fe25							;; PAGE 41
   1582  fe25
   1583  fe25							; Lookup tables of temperature value addresses and indicator bit
   1584  fe25							; values
   1585  fe25
   1586  fe25		       00 8d	   TEMP_TAB   DC.W	CONV_BUF	; Current temperature
   1587  fe27		       20		      DC.B	CURR/$100
   1588  fe28		       00 a8		      DC.W	TODAY_MAX1	; Today's high
   1589  fe2a		       14		      DC.B	(TODAY+HIGH)/$100
   1590  fe2b		       00 9f		      DC.W	TODAY_MIN1	; Today's low
   1591  fe2d		       12		      DC.B	(TODAY+LOW)/$100
   1592  fe2e		       00 cc		      DC.W	TODAY_MEAN1	; Today's mean
   1593  fe30		       11		      DC.B	(TODAY+MEAN)/$100
   1594  fe31		       00 ba		      DC.W	LAST_MAX1	; Yesterday's high
   1595  fe33		       0c		      DC.B	(YEST+HIGH)/$100
   1596  fe34		       00 b1		      DC.W	LAST_MIN1	; Yesterday's low
   1597  fe36		       0a		      DC.B	(YEST+LOW)/$100
   1598  fe37		       00 c3		      DC.W	LAST_MEAN1	; Yesterday's mean
   1599  fe39		       09		      DC.B	(YEST+MEAN)/$100
   1600  fe3a
   1601  fe3a							;; PAGE 42
   1602  fe3a
   1603  fe3a							; Formatting routines
   1604  fe3a
   1605  fe3a							; What follows is a variety of formatting routines for various
   1606  fe3a							; combinations of input and output information.  The output information
   1607  fe3a							; is always a compbination of displayable digits returned in
   1608  fe3a							; TEMP_BUF through TEMP_BUF+3
   1609  fe3a
   1610  fe3a							; Subroutine to display a two digit value from 0 to 99, with zero
   1611  fe3a							; suppression on the first digit
   1612  fe3a
   1613  fe3a		       fe 3a	   DISP_TWO   EQU	*	; The value to be formatted is passed in B
   1614  fe3a		       86 cd		      LDAA	#205	; The first objective is to multiple by 1/10 and separate
   1615  fe3c		       3d		      MUL		;  the whole number and fraction parts of the result
   1616  fe3d		       04		      LSRD		; Since the value 205 is about eight times 256/10, shift the
   1617  fe3e		       04		      LSRD		;  answer down 3 bits and whole number will be in A and
   1618  fe3f		       04		      LSRD		;  the fraction in B
   1619  fe40		       37		      PSHB		; Save the fraction temporarily on the stack
   1620  fe41		       16		      TAB		; Copy the whole number into B
   1621  fe42		       27 06		      BEQ	SUPP_TWO	; If the whole number part is zero, supress it
   1622  fe44		       ce fe c3    END_TWO    LDX	#DIGIT_TAB	; If it is not zero then index into a lookup
   1623  fe47		       3a		      ABX		;  table to get the bits for this digit
   1624  fe48		       a6 00		      LDAA	0,X
   1625  fe4a		       33	   SUPP_TWO   PULB		; Get the fraction back off the stack
   1626  fe4b		       97 df		      STAA	TEMP_BUF+2	; Save the first digit in the buffer
   1627  fe4d		       86 0a		      LDAA	#10	; Now multiply the fraction by ten to get the second digit
   1628  fe4f		       3d		      MUL
   1629  fe50		       89 00		      ADCA	#0	; Round up to prevent truncation errors
   1630  fe52		       16		      TAB		; Copy the digit into B
   1631  fe53		       ce fe c3 	      LDX	#DIGIT_TAB	; Also index into the table
   1632  fe56		       3a		      ABX		; Do not do zero supression since this is the last digit
   1633  fe57		       e6 00		      LDAB	0,X	; Get the segments bits
   1634  fe59		       d7 e0		      STAB	TEMP_BUF+3	; Save the second digit in the buffer
   1635  fe5b		       96 df		      LDAA	TEMP_BUF+2	; Return both digita in registers as well in case
   1636  fe5d		       39		      RTS		;  the calling routine wants to write them into another location
   1637  fe5e
   1638  fe5e							;; PAGE 43
   1639  fe5e
   1640  fe5e							; Subroutine to display a four digit vlaue from -999 to 2999, with
   1641  fe5e							; zero suppression on the first two digits
   1642  fe5e
   1643  fe5e		       fe 5e	   DISP_FOUR  EQU	*	; The value to be formatted is pass in A and B
   1644  fe5e		       dd d9		      STD	TEMP	; Save the unmodified vlue to be formatted
   1645  fe60		       2a 0a		      BPL	PLUS_FOUR	; Test the sign at the same time
   1646  fe62		       86 02		      LDAA	#SEGG	; If the value is negative, then maket he first digit '-'
   1647  fe64		       97 dd		      STAA	TEMP_BUF	; Write this character into the first digit in the buffer
   1648  fe66		       4f		      CLRA		; Now negate the negative value to give a positive number
   1649  fe67		       5f		      CLRB		;  to be formatted
   1650  fe68		       93 d9		      SUBD	TEMP
   1651  fe6a		       20 1b		      BRA	CONTIN_FOUR	; Skip ahead to the second digit formatting
   1652  fe6c		       83 03 e8    PLUS_FOUR  SUBD	#1000	; If the value is positive, see if it is more
   1653  fe6f		       24 03		      BHS	ONE_THOUSAND	;  than 999
   1654  fe71		       4f		      CLRA		; If not then make the first digit blank
   1655  fe72		       20 0f		      BRA	SAVE_FIRST	; Push it onto the stack and continue from there
   1656  fe74
   1657  fe74		       dd d9	   ONE_THOUSAND STD	TEMP	; If the value is more than 999 then save the
   1658  fe76							;  value less than one thousand
   1659  fe76		       83 03 e8 	      SUBD	#1000	; See if the remainder is still more then 999
   1660  fe79		       24 04		      BHS	TWO_THOUSAND	; If it is then the first digit is assumed to be 2
   1661  fe7b		       86 28		      LDAA	#ONE	; But if not then make the first digit 1
   1662  fe7d		       20 04		      BRA	SAVE_FIRST	; Push it on the stack and continue from there
   1663  fe7f
   1664  fe7f		       dd d9	   TWO_THOUSAND STD	TEMP	; If the value is more than 1999 the save
   1665  fe81							;  the value less two thousand
   1666  fe81		       86 e6		      LDAA	#TWO	; Make the first digit 2
   1667  fe83		       97 dd	   SAVE_FIRST STAA	TEMP_BUF	; Save it in the buffer
   1668  fe85		       dc d9		      LDD	TEMP	; Get the value mod 1000
   1669  fe85		       fe 87	   CONTIN_FOUR EQU	*
   1670  fe87		       ce fe c2 	      LDX	#DIGIT_TAB-1	; Point to the table of digit patterns
   1671  fe8a		       08	   SUB_100    INX		; Keep incrementing into this table and subtracting 100 from
   1672  fe8b		       83 00 64 	      SUBD	#100	;  the value until it goes negative
   1673  fe8e		       24 fa		      BHS	SUB_100	; As soon as it goes negative we are pointing to the digit
   1674  fe90							;  to be displayed
   1675  fe90		       cb 64		      ADDB	#100	; Cancel the extra subtraction
   1676  fe92		       a6 00		      LDAA	0,X	; Load the second digit from the lookup table
   1677  fe94		       81 fc		      CMPA	#ZERO	; See if the second digit is a zero
   1678  fe96		       26 0a		      BNE	SEC_NOT_ZERO	; If second digit is zero then should it be blanked
   1679  fe98		       96 dd		      LDAA	TEMP_BUF	; Look at the first digit
   1680  fe9a		       27 06		      BEQ	BLANK_SECOND	; If first digit is blank then blank second
   1681  fe9c		       80 02		      SUBA	#SEGG	; Also, if the first digit is '-' then blank second
   1682  fe9e		       27 02		      BEQ	BLANK_SECOND
   1683  fea0		       86 fc		      LDAA	#ZERO	; Otherwise put an actual zero that digit
   1684  fea0		       fe a2	   BLANK_SECOND EQU	*	; Either a zero or a blank will be pushed next
   1685  fea2		       97 de	   SEC_NOT_ZERO STAA	TEMP_BUF+1	; Save the second digit, whatever it is
   1686  fea4		       86 cd		      LDAA	#205	; Duplicate the first part of the routine above for
   1687  fea6		       3d		      MUL		;  formatting a two digit number, so that we can enter that
   1688  fea7		       04		      LSRD		;  routine and format the last two digita without allowing
   1689  fea8		       04		      LSRD		;  the first digit to be blanked
   1690  fea9		       04		      LSRD
   1691  feaa		       37		      PSHB
   1692  feab		       16		      TAB
   1693  feac		       20 96		      BRA	END_TWO	; Now jump into the two digit formatter
   1694  feae
   1695  feae							;; PAGE 44
   1696  feae
   1697  feae							; Subroutine to display a two digit hex value
   1698  feae		       17	   DISP_HEX   TBA		; Make a duplicate copy of the value to be displayed
   1699  feaf		       54		      LSRB		; Isolate the top four bits of the copy in B
   1700  feb0		       54		      LSRB
   1701  feb1		       54		      LSRB
   1702  feb2		       54		      LSRB
   1703  feb3		       ce fe c3 	      LDX	#DIGIT_TAB	; Point to the lookup table of both decimal and hex
   1704  feb6		       3a		      ABX		;  bit patterns and index into it
   1705  feb7		       16		      TAB		; Copy the original value back into B
   1706  feb8		       a6 00		      LDAA	0,X	; Get the pattern for the first digit in A
   1707  feba		       c4 0f		      ANDB	#$0F	; Isolate the bottom four bits this time
   1708  febc		       ce fe c3 	      LDX	#DIGIT_TAB	; Again index into the table
   1709  febf		       3a		      ABX
   1710  fec0		       e6 00		      LDAB	0,X	; Now we have the bit apttern for the second digit
   1711  fec2		       39		      RTS		; Return with both digit patterns in registers
   1712  fec3
   1713  fec3							;; PAGE 45
   1714  fec3
   1715  fec3							; Lookup table of bit patterns for each digit
   1716  fec3		       fc 28 e6 ae*DIGIT_TAB  DC	ZERO, ONE, TWO, THREE, FOUR
   1717  fec8		       9e de 2c fe*	      DC	FIVE, SIX, SEVEN, EIGHT, NINE
   1718  fecd		       7e da d4 ea*	      DC	A,B,C,D,E,F
   1719  fed3
   1720  fed3							;; PAGE 46
   1721  fed3
   1722  fed3							; Restart and initialization
   1723  fed3
   1724  fed3							; When power is first turned on and the processor starts running
   1725  fed3							; there are cetain things which must be done before the instrument
   1726  fed3							; can be allowed to operate normally.	This incluides setting up the
   1727  fed3							; hardware to the desired mode of operation, initializing the
   1728  fed3							; contents of memory to a konwn state, performing certain tests on
   1729  fed3							; the hardware, allowing the A/D circuitry to settle and putting
   1730  fed3							; meaningful values in for the minimum, maximum, and mean
   1731  fed3							; temperatures
   1732  fed3
   1733  fed3		       fe d3	   RESTART    EQU	*	; The pointer in the vector table causes executeion to
   1734  fed3							;  begin at this point after a reset
   1735  fed3		       4f		      CLRA		; Begin by setting up the internal hardware
   1736  fed4		       97 00		      STAA	$00	; Make all 8 bits of port1 into inputs
   1737  fed6		       43		      COMA
   1738  fed7		       97 04		      STAA	$04	; Make all 16 bits of ports 3 and 4 into outputs
   1739  fed9		       97 05		      STAA	$05
   1740  fedb		       97 10		      STAA	SER_MODE_REG	; Set the serial port up for external clock
   1741  fedd		       86 12		      LDAA	#$12	; Make some of the bits in port 2 inputs and some outputs
   1742  fedf		       97 01		      STAA	$01	; Bits 0, 2, and 3 are inputs, bits 1 and 4 are outputs
   1743  fee1		       86 08		      LDAA	#TIMER_EOCI	; Set the bit to allow output compare interrupts
   1744  fee3		       97 08		      STAA	TIMER_CONTROL
   1745  fee5
   1746  fee5		       ce 00 80 	      LDX	#$80	; Initialize the contents of all 128 bytes of internal RAM
   1747  fee8		       6f 7f	   CLEAR_RAM  CLR	$7F,X	;  to zero
   1748  feea		       09		      DEX
   1749  feeb		       26 fb		      BNE	CLEAR_RAM
   1750  feed		       86 2a		      LDAA	#2026-1984	; Set the year to 2026
   1751  feef		       97 9b		      STAA	YEAR
   1752  fef1		       86 01		      LDAA	#1	; Set the month to 1
   1753  fef3		       97 c8		      STAA	MONTH
   1754  fef5		       97 8c		      STAA	A_D_SELECT	; Also set the A/D converter to select channel 1
   1755  fef7		       4c		      INCA		; Set the day to 2
   1756  fef8		       97 c5		      STAA	DAY
   1757  fefa		       86 06		      LDAA	#$06	; Set the alternate display mode selection value to
   1758  fefc		       97 cb		      STAA	ALT_SELECT	;  select all F and time
   1759  fefe		       cc ff ff 	      LDD	#$FFFF	; Finally, initialize the display memory to turn on all
   1760  ff01		       dd 85		      STD	MSD	;  eight segments of all six digits for the first few
   1761  ff03		       dd 87		      STD	MSD+2	; seconds as a means of testing all of that hardware
   1762  ff05		       dd 89		      STD	MSD+4
   1763  ff07
   1764  ff07		       8e 00 ff 	      LDS	#$FF	; Initialize the stack pointer to point at the very last
   1765  ff0a							;  RAM location - the stack will occupy the section
   1766  ff0a							;  from here down to hopefully just short of the
   1767  ff0a							;  last RAM location used for other purposes
   1768  ff0a
   1769  ff0a		       0e		      CLI		; Here we Go!!!
   1770  ff0b							; Since the only interrupt enabled in the system is the
   1771  ff0b							;  output compare interrupt, as soon as the main interrupt
   1772  ff0b							;  enable bit is cleared (it is actually an interrupt
   1773  ff0b							;  inhibit) we can begin to get output compare interrupts
   1774  ff0b
   1775  ff0b							;; PAGE 47
   1776  ff0b
   1777  ff0b							; Wait several seconds while things settle down
   1778  ff0b		       cc 03 28 	      LDD	#$300+40	; Load register A with a 3 and register B with a 40
   1779  ff0e							; The 3 will be used to communicate with the foreground
   1780  ff0e							;  task and the 40 will allow us to delay for two
   1781  ff0e							;  seconds (40 twentieths)
   1782  ff0e		       7d 00 8b    WAIT_ZERO  TST	ADC_STATE	; Each time a twentieth of a second has elapsed, this
   1783  ff11		       26 fb		      BNE	WAIT_ZERO	;  state counter will be decremented to zero - until then
   1784  ff13							;  just remain in this loop waiting
   1785  ff13		       97 8b		      STAA	ADC_STATE	; The background task must now complete a handshake
   1786  ff15							;  with the foreground task to let it know that it has
   1787  ff15							;  seen the indication of the completion of a twentieth
   1788  ff15							;  of a second and is ready to go on the the next twentieth
   1789  ff15		       5a		      DECB		; After the end of each twentieth, decrement the counter in
   1790  ff16		       26 f6		      BNE	WAIT_ZERO	;  register B to see if two seconds have passed yet
   1791  ff18
   1792  ff18							;; PAGE 48
   1793  ff18							; Now that the adc has been running for a few seconds, all of the
   1794  ff18							; voltage levels should have settled down and the individual
   1795  ff18							; measurements should all be valid, but since the value which is saved
   1796  ff18							; internally is a running average of a large number of
   1797  ff18							; measurements it could take a long time before this filtered value
   1798  ff18							; is reasonably close to the actual answer. To avoid this, it is
   1799  ff18							; necessary that we initialize the five filtered values to something
   1800  ff18							; appropriate. The way we do that is to reset the filtered value
   1801  ff18							; to zero, take one more measurement on each of the five channels,
   1802  ff18							; which will result in a filtered value which is one fourth
   1803  ff18							; of this single reading, then multiply this value by four
   1804  ff18							; and put it back
   1805  ff18
   1806  ff18		       ce 00 0e 	      LDX	#14	; The conversion buffer is 15 bytes long, but skip year (offset 14)
   1807  ff1b		       6f 8c	   CLEAR_BUF  CLR	CONV_BUF-1,X	; clear the buffer starting with the last byte
   1808  ff1d		       09		      DEX		; Decrement the combined counter and pointer
   1809  ff1e		       26 fb		      BNE	CLEAR_BUF	; Repeat until all 15 bytes are zero
   1810  ff20
   1811  ff20							; Note that because of the synchronization we achieved above with
   1812  ff20							; the foreground task there is no danger of not finishing the
   1813  ff20							; clearing of the buffer before the completion of the next
   1814  ff20							; measurement.
   1815  ff20
   1816  ff20		       c6 05		      LDAB	#5	; Set up register B as a counter to count out five more
   1817  ff22							;  conversions - register A still contains a three
   1818  ff22		       7d 00 8b    LOOP_TST   TST	ADC_STATE	; Once again, wait for foreground to complete a
   1819  ff25		       26 fb		      BNE	LOOP_TST	;  twentieth of a second
   1820  ff27		       97 8b		      STAA	ADC_STATE	; Complete the handshake
   1821  ff29		       5a		      DECB		; Do this five times
   1822  ff2a		       26 f6		      BNE	LOOP_TST
   1823  ff2c
   1824  ff2c		       ce 00 0f 	      LDX	#15	; Use X as a combined counter and pointer while multiplying
   1825  ff2f							;  each of the values in the buffer by 4
   1826  ff2f		       ec 8a	   INIT_CONV_BUF LDD	CONV_BUF-3,X	; Get a value from the buffer
   1827  ff31		       05		      LSLD		; Shift it left two bits
   1828  ff32		       05		      LSLD
   1829  ff33		       ed 8a		      STD	CONV_BUF-3,X	; The last two bits will all be zero, but their
   1830  ff35							;  significance is very small
   1831  ff35		       09		      DEX		; Back up to the previous location in the buffer
   1832  ff36		       09		      DEX
   1833  ff37		       09		      DEX
   1834  ff38		       26 f5		      BNE	INIT_CONV_BUF	; Repeat until all five filtered values have been
   1835  ff3a							;  initialized
   1836  ff3a							;; PAGE 49
   1837  ff3a
   1838  ff3a							; The final initialization task to be performed is setting the
   1839  ff3a							; contents of the various minimum, maximum, and mean values
   1840  ff3a		       bd fa 23 	      JSR	INIT_MINMAX	; Initialize today's minimum, maximum, and mean
   1841  ff3d							;  values and set the mean value counter to 1
   1842  ff3d		       ce 00 12 	      LDX	#3*3*2	; Arbitrarly set yesterdays min and
   1843  ff40							;  max to the same value
   1844  ff40		       a6 9e	   INIT_LAST  LDAA	TODAY_MIN1-1,X
   1845  ff42		       a7 b0		      STAA	LAST_MIN1-1,X
   1846  ff44		       09		      DEX
   1847  ff45		       26 f9		      BNE	INIT_LAST
   1848  ff47		       dc 9f		      LDD	TODAY_MIN1	; Also set yesterday's average to this value
   1849  ff49		       dd c3		      STD	LAST_MEAN1
   1850  ff4b		       dc a2		      LDD	TODAY_MIN2
   1851  ff4d		       dd c6		      STD	LAST_MEAN2
   1852  ff4f		       dc a5		      LDD	TODAY_MIN3
   1853  ff51		       dd c9		      STD	LAST_MEAN3
   1854  ff53
   1855  ff53							; This completes the initialization process - all that remains is
   1856  ff53							; to begin executing the normal background routines
   1857  ff53		       7e fa 54 	      JMP	DISPLAY_MODE	; Come up in normal display mode
   1858  ff56
   1859  ff56							; Freerun on NMI
   1860  ff56		       5e	   NMI_INT    DC.B	$5E	; execute instruction to cycle address counter
   1861  ff57							;  through memory for signature analysis
   1862  ff57		       20 fe		      BRA	*	; If that doesn't work than just die here
   1863  ff59
   1864  ff59							;; PAGE 50
   1865  ff59
   1866  ff59							; Vectors
   1867  fff0					      ORG	$FFF0
   1868  fff0		       f9 d4		      DC.W	IRQ_EXIT	; Serial port
   1869  fff2		       f9 d4		      DC.W	IRQ_EXIT	; Timer overflow
   1870  fff4		       f8 00		      DC.W	TIMER_INT	; Timer output compare
   1871  fff6		       f9 d4		      DC.W	IRQ_EXIT	; Timer input capture
   1872  fff8		       f9 d4		      DC.W	IRQ_EXIT	; External interrupt not used
   1873  fffa		       f9 d4		      DC.W	IRQ_EXIT	; External interrupt not used
   1874  fffc		       ff 56		      DC.W	NMI_INT	; Non-maskable interrupt go to signature analysis
   1875  fffe		       fe d3		      DC.W	RESTART	; Startup routine
